row_index,company_name,drhp_or_draft_date,drhp_or_draft_document_url
0,Fusion Klassroom Edutech Limited,08/05/2026,https://www.bsesme.com/download/340346/SME_IPO%20InPrinciple/Addendum_DRHP_Klassroom_20260508202350.pdf
1,FX Multitech Limited,08/05/2026,https://www.bsesme.com/download/305086/SME_IPO%20InPrinciple/ADDENDUMDRHP_20260508112101.pdf
2,Shree TNB Polymers Limited,05/05/2026,https://www.bsesme.com/download/358836/SME_IPO%20InPrinciple/TNB_DRHP_Final_20260505210759.pdf
3,Bipin Offset Limited,05/05/2026,https://www.bsesme.com/download/339949/SME_IPO%20InPrinciple/26.BIPINDRHP_20260505203121.pdf
4,Maharaja & Speedex India Limited,24/04/2026,https://www.bsesme.com/download/354372/SME_IPO%20InPrinciple/MSIL_DRHP_20260424210952.pdf
5,Sollfege Smart Electronics Limited,23/04/2026,https://www.bsesme.com/download/304019/SME_IPO%20InPrinciple/DP_Sollfege_BSE_23042026_Abridged_20260430174946.zip
6,Home Zone Rubber Solutions Limited,21/04/2026,https://www.bsesme.com/download/367293/SME_IPO%20InPrinciple/DRHP_Homezone_Filing_Final_20260421095022.pdf
7,JEE Pumps Limited,19/04/2026,https://www.bsesme.com/download/363782/SME_IPO%20InPrinciple/DRHPandDAP_20260420130833.zip
8,Manisha Textiles Limited,31/03/2026,https://www.bsesme.com/download/384739/SME_IPO%20InPrinciple/DPMTL_20260331234805.pdf
9,MILAN GINNING PRESSING LIMITED,31/03/2026,https://www.bsesme.com/download/309971/SME_IPO%20InPrinciple/Milan_DRHPFinal_20260331233858.pdf
10,Dudani Retail Limited,31/03/2026,https://www.bsesme.com/download/376098/SME_IPO%20InPrinciple/DP_Dudani_BSE_31032026_with_Abridged_20260504130053.zip
11,Acme Universal Safezone 9 Limited,31/03/2026,https://www.bsesme.com/download/371790/SME_IPO%20InPrinciple/DRHP_ACME_31032026_20260430124306.zip
12,Ratnadhar Infra Limited,31/03/2026,https://www.bsesme.com/download/333774/SME_IPO%20InPrinciple/DRHP_Abridged_Prospectus_20260430120827.zip
13,GOVINDAH NUTRITION LIMITED,31/03/2026,https://www.bsesme.com/download/394831/SME_IPO%20InPrinciple/DRHP_Govindah_20260331192329.pdf
14,Neptune Holidays Limited,31/03/2026,https://www.bsesme.com/download/377244/SME_IPO%20InPrinciple/NHLDRHP31032026_20260331175507.pdf
15,Om Galaxy Limited,30/03/2026,https://www.bsesme.com/download/349703/SME_IPO%20InPrinciple/DRHP_OMGALAXYLIMITED_20260330220851.pdf
16,G V ELECTRICALS LIMITED,30/03/2026,https://www.bsesme.com/download/321861/SME_IPO%20InPrinciple/DRHP_GVEL__20260330192337.pdf
17,ADON AGRO COMMODITIES LIMITED,30/03/2026,https://www.bsesme.com/download/327529/SME_IPO%20InPrinciple/DraftOfferDocument_20260420212924.zip
18,Shellz India Limited,30/03/2026,https://www.bsesme.com/download/312428/SME_IPO%20InPrinciple/DraftRedHerringProspectusShellz_20260330033128.pdf
19,Core4 Engineers Limited,29/03/2026,https://www.bsesme.com/download/364707/SME_IPO%20InPrinciple/CORE4DRHP_20260329204004.pdf
20,Merritronix Limited,26/03/2026,https://www.bsesme.com/download/343207/SME_IPO%20InPrinciple/Addendum_ML_30042026_20260508125553.pdf
21,Advantal Technologies Limited,25/03/2026,https://www.bsesme.com/download/308837/SME_IPO%20InPrinciple/DRHP_ADVANTAL_20260325203318.pdf
22,Dove Soft Limited,24/03/2026,https://www.bsesme.com/download/391808/SME_IPO%20InPrinciple/DRHP_DSL_24032026_20260324163752.pdf
23,Poojaa Precision Engg. Limited,23/03/2026,https://www.bsesme.com/download/380453/SME_IPO%20InPrinciple/2_DRHP_Poojaa_Precision_Engg._Limited_20260323174010.pdf
24,Gulf Lloyds (India) Limited,19/03/2026,https://www.bsesme.com/download/346052/SME_IPO%20InPrinciple/Addendum_V5_DRHP_20260511121100.pdf
25,Avtar Career Creators Limited,18/03/2026,https://www.bsesme.com/download/309256/SME_IPO%20InPrinciple/AvtarCareerCreatorsLimitedDraftProspectus_20260318153658.pdf
26,Fine Refiners Limited,17/03/2026,https://www.bsesme.com/download/390853/SME_IPO%20InPrinciple/Addedum_drhp_20260508114726.pdf
27,Dhaval Packaging Limited,16/03/2026,https://www.bsesme.com/download/312386/SME_IPO%20InPrinciple/DRHP_Addendum_DPL_20260423153105.pdf
28,Devson Catalyst Limited,11/03/2026,https://www.bsesme.com/download/325815/SME_IPO%20InPrinciple/Devson_DRHP_With_Addendum_20260429154407.pdf
29,Zebion Infotech Limited,07/03/2026,https://www.bsesme.com/download/322850/SME_IPO%20InPrinciple/ZebionInfotechLimited_20260307202437.pdf
30,Horizon Reclaim  (India) Limited,06/03/2026,https://www.bsesme.com/download/362363/SME_IPO%20InPrinciple/Addendum_DRHP_HorizonReclaim_20260427123126.pdf
31,Susan Electricals India Limited,28/02/2026,https://www.bsesme.com/download/338840/SME_IPO%20InPrinciple/finalsusan_20260416153518.pdf
32,Quanto Agroworld Limited,28/02/2026,https://www.bsesme.com/download/360290/SME_IPO%20InPrinciple/26.DRAFT_PROSPECTUS_QUANTO_27.02.26_Final_20260228013917.pdf
33,Navkkar Gold & Diamond Limited,28/02/2026,https://www.bsesme.com/download/380367/SME_IPO%20InPrinciple/DraftProspectusNavkkar_20260402115436.pdf
34,Anand Seamless Limited,27/02/2026,https://www.bsesme.com/download/308069/SME_IPO%20InPrinciple/DraftProspectus_20260408112349.pdf
35,Futurex Management Solution Limited,25/02/2026,https://www.bsesme.com/download/348290/SME_IPO%20InPrinciple/FuturexManagementSolutionsLimited_20260225233325.pdf
36,Lorven International Limited,25/02/2026,https://www.bsesme.com/download/315269/SME_IPO%20InPrinciple/Draft_Prospectus_Lorven_20260225202720.pdf
37,Sham Foam Limited,23/02/2026,https://www.bsesme.com/download/314291/SME_IPO%20InPrinciple/ShamFoamDP_Addendum_20260324123343.pdf
38,Twinkle Papers limited,23/02/2026,https://www.bsesme.com/download/359535/SME_IPO%20InPrinciple/DRHPandAddendum_20260416132759.pdf
39,Fusion Klassroom Edutech Limited,18/02/2026,https://www.bsesme.com/download/340346/SME_IPO%20InPrinciple/Addendum_DRHP_Klassroom_20260511135221.pdf
40,MILLWORKS TECHNOLOGIES LIMITED,17/02/2026,https://www.bsesme.com/download/381214/SME_IPO%20InPrinciple/Final_DRHP_Millworks_20260217050907.pdf
41,Liqvd Digital India Limited,03/02/2026,https://www.bsesme.com/download/393128/SME_IPO%20InPrinciple/DRHPAddendum_LIQVD__20260203125201.pdf
42,Liqvd Digital India Limited,03/02/2026,https://www.bsesme.com/download/393128/SME_IPO%20InPrinciple/DRHPAddendum_LIQVD__20260203122939.pdf
43,Panchatv Bharat limited,02/02/2026,https://www.bsesme.com/download/322739/SME_IPO%20InPrinciple/AddendumandDP_20260505113444.pdf
44,Paluck Technologies Limited,20/01/2026,https://www.bsesme.com/download/387760/SME_IPO%20InPrinciple/Paluck_Technologies_Limited_DRHP_Addendum_Merged_20260306153739.pdf
45,Technocrats Plasma Systems Limited,31/12/2025,https://www.bsesme.com/download/354303/SME_IPO%20InPrinciple/DRHPTECHNO_20251231235639.pdf
46,UHM Vacation Limited,31/12/2025,https://www.bsesme.com/download/305731/SME_IPO%20InPrinciple/DRHPUHMFinal_20260111190824.pdf
47,Fly-Hi Maritime Travels Limited,31/12/2025,https://www.bsesme.com/download/375028/SME_IPO%20InPrinciple/Addendum_FlyHi_20260310114257.pdf
48,Craftech Paper Mills Limited,31/12/2025,https://www.bsesme.com/download/335833/SME_IPO%20InPrinciple/Addendum_and_DRHP_08.04.26_20260408191914.pdf
49,Dhnawel Hybrid Seeds Limited,31/12/2025,https://www.bsesme.com/download/396632/SME_IPO%20InPrinciple/DRHPDhanwel_20260305160837.pdf
50,Larisa Hotels and Resorts Limited,31/12/2025,https://www.bsesme.com/download/382862/SME_IPO%20InPrinciple/DRHP_20251231210846.pdf
51,Saffron Speciality Papers Limited,31/12/2025,https://www.bsesme.com/download/380603/SME_IPO%20InPrinciple/DRHP_SaffronSpecialityPapersLimited_20251231195818.pdf
52,FX Multitech Limited,31/12/2025,https://www.bsesme.com/download/305086/SME_IPO%20InPrinciple/ADDENDUMDRHP_20260508150111.pdf
53,AEGEUS TECHNOLOGIES LIMITED,31/12/2025,https://www.bsesme.com/download/394789/SME_IPO%20InPrinciple/Addendum_DRHP_Merged_20260317133557.pdf
54,Wagons Learning Limited,31/12/2025,https://www.bsesme.com/download/316345/SME_IPO%20InPrinciple/Annexure1DP_20251231164409.pdf
55,Kratikal Tech Limited,31/12/2025,https://www.bsesme.com/download/336105/SME_IPO%20InPrinciple/DRHP_Kratikal_With_Addendum_20260325221931.pdf
56,Sotefin Bharat Limited,30/12/2025,https://www.bsesme.com/download/349234/SME_IPO%20InPrinciple/SotefinBharatLtd_20260330144508_20260401120206.pdf
57,Efficient Fire and Security Solutions Limited,30/12/2025,https://www.bsesme.com/download/340210/SME_IPO%20InPrinciple/AddendumwithDRHP_20260417110039.pdf
58,Taldar Hotels and Resorts Limited,29/12/2025,https://www.bsesme.com/download/374662/SME_IPO%20InPrinciple/AddendumandDraftProspectus_Taldar_20260327133502.pdf
59,Silverstorm Parks and Resorts Limited,28/12/2025,https://www.bsesme.com/download/316011/SME_IPO%20InPrinciple/SPRL_DRHP_26122025_20251228015608.pdf
60,Recode Studios Limited,27/12/2025,https://www.bsesme.com/download/393393/SME_IPO%20InPrinciple/RecodeAddendumDRHP_20260216173939.pdf
61,YAASHVI JEWELLERS LIMITED,25/12/2025,https://www.bsesme.com/download/331108/SME_IPO%20InPrinciple/AddendumandDPYaashvi_20260304155745.pdf
62,Advance Technoforge Limited,24/12/2025,https://www.bsesme.com/download/386103/SME_IPO%20InPrinciple/26AdvanceTechnoforgeDraftProspectusandaddendum_20260401171700.pdf
63,Aureate Tradde Limited,23/12/2025,https://www.bsesme.com/download/364173/SME_IPO%20InPrinciple/AddendumAureate_20260220130958.pdf
64,Mother Agri Food Limited,18/12/2025,https://www.bsesme.com/download/300703/SME_IPO%20InPrinciple/DRHP_MotherAgri_BSE18122025_with_Addendum25022026_20260225212750.pdf
65,Diksha Polymers Limited,16/12/2025,https://www.bsesme.com/download/338226/SME_IPO%20InPrinciple/Addendum_with_Draft_Prospectus_Diksha_Polymers_Ltd_20260127104404.pdf
66,Peshwa Wheat Limited,16/12/2025,https://www.bsesme.com/download/381031/SME_IPO%20InPrinciple/DRHPPESHWA_20251216153357.pdf
67,NTL India Limited,15/12/2025,https://www.bsesme.com/download/323613/SME_IPO%20InPrinciple/Addendum_DRHP_20260219150106.pdf
68,RCRS Innovations Limited,10/12/2025,https://www.bsesme.com/download/371106/SME_IPO%20InPrinciple/DRHP_RCRS_Innovations_Ltd_20251210185723.pdf
69,Vahh Chemicals Limited,03/12/2025,https://www.bsesme.com/download/329359/SME_IPO%20InPrinciple/AddendumDPVahh_20260209180720.pdf
70,Black Opal Consultants Limited,17/11/2025,https://www.bsesme.com/download/352690/SME_IPO%20InPrinciple/DRHPBOC_20251117154714.pdf
71,Udaan Paper Industries Limited,12/11/2025,https://www.bsesme.com/download/382682/SME_IPO%20InPrinciple/DRHPAddendumUdaan_20260324193839.pdf
72,ENS Enterprises Limited,01/11/2025,https://www.bsesme.com/download/321343/SME_IPO%20InPrinciple/AddendumENS_20260226104451.pdf
73,MTE STRUCTURES LIMITED,31/10/2025,https://www.bsesme.com/download/366087/SME_IPO%20InPrinciple/MTE_Addendum_DRHP_20260119144917.pdf
74,Fractal Industries Limited,18/10/2025,https://www.bsesme.com/download/368392/SME_IPO%20InPrinciple/DRHPFractal_20251018200443.pdf
75,Ajwa Projects Limited,09/10/2025,https://www.bsesme.com/download/355566/SME_IPO%20InPrinciple/Ajwa_DraftProspectus_20260105163158.pdf
76,Kwick Forensic Solutions Limited,01/10/2025,https://www.bsesme.com/download/331759/SME_IPO%20InPrinciple/DRHPKwick_20251001234132.pdf
77,Liqvd Digital India Limited,01/10/2025,https://www.bsesme.com/download/393128/SME_IPO%20InPrinciple/DRHPAddendum_LIQVD__20260203125304.pdf
78,PARAMOUNT SYNTEX LIMITED,01/10/2025,https://www.bsesme.com/download/395143/SME_IPO%20InPrinciple/ParamountDRHP30092025_20251001003830.pdf
79,Apana Logistics Limited,30/09/2025,https://www.bsesme.com/download/339300/SME_IPO%20InPrinciple/ApanaAddendum_20260127112225.pdf
80,PARAMOUNT SYNTEX LIMITED,30/09/2025,https://www.bsesme.com/download/395143/SME_IPO%20InPrinciple/Paramount_Final_DRHP_20251002173929.pdf
81,ACCORD TRANSFORMER & SWITCHGEAR LIMITED,30/09/2025,https://www.bsesme.com/download/339916/SME_IPO%20InPrinciple/DRHPwithAddendum_20251124141637.pdf
82,Vision Time India Limited,30/09/2025,https://www.bsesme.com/download/384415/SME_IPO%20InPrinciple/VisionTimeIndiaAddendumandDRHP_20260129195930.pdf
83,K. V. TOYS INDIA LIMITED,30/09/2025,https://www.bsesme.com/download/333191/SME_IPO%20InPrinciple/KVToysAddendumDRHP_20251122001656.pdf
84,RAKSAN TRANSFORMERS LIMITED,30/09/2025,https://www.bsesme.com/download/364084/SME_IPO%20InPrinciple/26._DRHP_Raksan_20250930231345.pdf
85,Mopshop Distribution Limited,30/09/2025,https://www.bsesme.com/download/304088/SME_IPO%20InPrinciple/MOPSHOPDPFINAL_20250930232838.pdf
86,Jivial Industries Limited,30/09/2025,https://www.bsesme.com/download/341266/SME_IPO%20InPrinciple/JivialAddendumFinal_20251216201857.pdf
87,Goldline Pharmaceutical Limited,30/09/2025,https://www.bsesme.com/download/337239/SME_IPO%20InPrinciple/Addendum_alongwith_DRHP_20260113181429.pdf
88,Datasol (Bangalore) Limited,30/09/2025,https://www.bsesme.com/download/362308/SME_IPO%20InPrinciple/DRHP_Datasol_BSE_30092025_Final_20250930225714.pdf
89,VK TYRE INDIA LIMITED,30/09/2025,https://www.bsesme.com/download/328464/SME_IPO%20InPrinciple/DRHPwithAddendum_VKTyre_20260101133011.pdf
90,Highness Microelectronics Limited,30/09/2025,https://www.bsesme.com/download/380452/SME_IPO%20InPrinciple/DRHPandAddendum_20260101125542.pdf
91,Emiac Technologies Limited,30/09/2025,https://www.bsesme.com/download/331764/SME_IPO%20InPrinciple/AddendumandDRHP_20260127212512.pdf
92,PAN HR Solution Limited,30/09/2025,https://www.bsesme.com/download/352910/SME_IPO%20InPrinciple/DRHPPANHR_20250930211108.pdf
93,Kwick Forensic Solutions Limited,30/09/2025,https://www.bsesme.com/download/331759/SME_IPO%20InPrinciple/DRHP_Kwick_20260205222903.pdf
94,Acme India Industries Limited,30/09/2025,https://www.bsesme.com/download/364190/SME_IPO%20InPrinciple/DRHPwithAddendum_20260227133932.pdf
95,Novus Loyalty Limited,30/09/2025,https://www.bsesme.com/download/343373/SME_IPO%20InPrinciple/DRHP_NovusLoyalty_Addendum_20260205214136.pdf
96,MRC Infracon Limited,30/09/2025,https://www.bsesme.com/download/348068/SME_IPO%20InPrinciple/Addendum_to_DRHP_20251114161449.pdf
97,Vectras Enprocon Limited,30/09/2025,https://www.bsesme.com/download/301904/SME_IPO%20InPrinciple/Addendum_DRHP_10112025_20251110144848.pdf
98,Autofurnish Limited,30/09/2025,https://www.bsesme.com/download/325882/SME_IPO%20InPrinciple/AddendumandDraftProspectus_20260309113629.pdf
99,SAFETY CONTROLS & DEVICES LIMITED,30/09/2025,https://www.bsesme.com/download/381468/SME_IPO%20InPrinciple/26.DRHP_Safety_20250930234556.pdf
100,Tipco Engineering India Limited,30/09/2025,https://www.bsesme.com/download/345988/SME_IPO%20InPrinciple/AddendumandDRHP_Tipco_20251229230552.pdf
101,Phychem Technologies Limited,30/09/2025,https://www.bsesme.com/download/326946/SME_IPO%20InPrinciple/DRHP_20250930184332.pdf
102,Rajnandini Fashion India Limited,30/09/2025,https://www.bsesme.com/download/361142/SME_IPO%20InPrinciple/RFILDRHP_20250930184436.pdf
103,Jain International Power Limited,30/09/2025,https://www.bsesme.com/download/357219/SME_IPO%20InPrinciple/Addendumanddrhpjaininternational_20260106162906.pdf
104,Sobo Films Holding Limited,30/09/2025,https://www.bsesme.com/download/364960/SME_IPO%20InPrinciple/DP_SHFL_20250930175629.pdf
105,Seemax Resources Limited,30/09/2025,https://www.bsesme.com/download/318888/SME_IPO%20InPrinciple/DraftRedHerringProspectusSeemax_20251117135006.pdf
106,GABION TECHNOLOGIES INDIA LIMITED,30/09/2025,https://www.bsesme.com/download/374947/SME_IPO%20InPrinciple/DRHPwithAddendum_20251211205600.pdf
107,Accretion Nutraveda Limited,30/09/2025,https://www.bsesme.com/download/344576/SME_IPO%20InPrinciple/26.DRHP_Nutra_30.09.2025_20250930135710.pdf
108,Shakti Polytarp Limited,30/09/2025,https://www.bsesme.com/download/314858/SME_IPO%20InPrinciple/Addendum_DRHP_Shakti_16012026_20260116194701.pdf
109,Shivchem Agro limited,30/09/2025,https://www.bsesme.com/download/384075/SME_IPO%20InPrinciple/AddendumtotheDraftRedHerringProspectus_20251230112509.pdf
110,Harikanta Overseas Limited,30/09/2025,https://www.bsesme.com/download/347663/SME_IPO%20InPrinciple/Addendum_Harikanta_08.12.2025_20251208171815.pdf
111,Sai Urja Indo Ventures Limited,30/09/2025,https://www.bsesme.com/download/382873/SME_IPO%20InPrinciple/DRHPSAIURJA_20250930030528.pdf
112,INDO SMC Limited,30/09/2025,https://www.bsesme.com/download/319382/SME_IPO%20InPrinciple/Addendum_with_DRHP_20251208211337.pdf
113,Elfin Agro India Limited,30/09/2025,https://www.bsesme.com/download/340938/SME_IPO%20InPrinciple/DP_Elfin_BSE_29092025_Final_20250930024313.pdf
114,Shree Balaji (Mala) Textiles Limited,30/09/2025,https://www.bsesme.com/download/354771/SME_IPO%20InPrinciple/AddendumtoDRHPMala_20260107115429.pdf
115,Defrail Technologies Limited,30/09/2025,https://www.bsesme.com/download/380989/SME_IPO%20InPrinciple/DRHP_with_Addendum_DEFRAIL_20251126180841.pdf
116,HGI AUTOMOTIVES LIMITED,29/09/2025,https://www.bsesme.com/download/366254/SME_IPO%20InPrinciple/HGIAddendumwithDP_20251112132059.pdf
117,SPECIALITY MEDICINES LIMITED,29/09/2025,https://www.bsesme.com/download/354383/SME_IPO%20InPrinciple/DRHPSMPLFINALS_20250929233345.pdf
118,Yashhtej Industries (India) Limited,29/09/2025,https://www.bsesme.com/download/381706/SME_IPO%20InPrinciple/DP_Yashhtej_20250929223859.pdf
119,SJP ULTRASONICS LIMITED,29/09/2025,https://www.bsesme.com/download/334252/SME_IPO%20InPrinciple/SJPAddendumandDP_20260130193705.pdf
120,GRE RENEW ENERTECH LIMITED,29/09/2025,https://www.bsesme.com/download/360109/SME_IPO%20InPrinciple/GRE_DRHP_29.09.2025_6PM_QR_20250929185545.pdf
121,Segmental Infrastructure Development Limited,29/09/2025,https://www.bsesme.com/download/380955/SME_IPO%20InPrinciple/Addendum_DRHP_Segmental_Infrastructure_Development_Limited_20251201201602.pdf
122,ATHARVA POLY-PLAST LIMITED,29/09/2025,https://www.bsesme.com/download/378301/SME_IPO%20InPrinciple/DRHP_Atharva_Final_20250929181919.pdf
123,Chamelidevi Flour Mills Limited,29/09/2025,https://www.bsesme.com/download/382628/SME_IPO%20InPrinciple/DRHP_CDFML_Addendum_20260323211723.pdf
124,Roopa Screen Limited,29/09/2025,https://www.bsesme.com/download/393368/SME_IPO%20InPrinciple/DRHPaddendum_20260209223442.pdf
125,H. R. Hygiene Products Limited,29/09/2025,https://www.bsesme.com/download/369740/SME_IPO%20InPrinciple/DRHPHR28092025_20250929020934.pdf
126,Luxury Time Limited,28/09/2025,https://www.bsesme.com/download/371600/SME_IPO%20InPrinciple/Addendum_DRHP_20251110142009.pdf
127,Sampark India Logistics Limited,28/09/2025,https://www.bsesme.com/download/358933/SME_IPO%20InPrinciple/DRHP_Sampark_BSE_27092025_20250928054028.pdf
128,Vama Wovenfab Limited,27/09/2025,https://www.bsesme.com/download/323912/SME_IPO%20InPrinciple/DRHP_VAMA_20250927231509.pdf
129,Exato Technologies Limited,27/09/2025,https://www.bsesme.com/download/306717/SME_IPO%20InPrinciple/MergedADDRHP_20251112232635.pdf
130,Pajson Agro India Limited,27/09/2025,https://www.bsesme.com/download/307027/SME_IPO%20InPrinciple/DRHPPajsonAgroIndiaLimited_20250927145450.pdf
131,Oneindig Technologies Limited,27/09/2025,https://www.bsesme.com/download/329675/SME_IPO%20InPrinciple/Oneindig_Merged_09_20251209174938.pdf
132,Astron Multigrain Limited,25/09/2025,https://www.bsesme.com/download/327219/SME_IPO%20InPrinciple/DraftProspectusAstron25092025_20250925203648.pdf
133,Farm Peace Limited,24/09/2025,https://www.bsesme.com/download/369774/SME_IPO%20InPrinciple/AddendumcumDraftProspectus_20251127181824.pdf
134,Nanta Tech Limited,24/09/2025,https://www.bsesme.com/download/339668/SME_IPO%20InPrinciple/AddendumandDRHP_20251110155447.pdf
135,M.R.MANIVENI FOODS LIMITED,23/09/2025,https://www.bsesme.com/download/354444/SME_IPO%20InPrinciple/AddendumtoDRHP12122025_20251212105701.pdf
136,Injecto Polymers Limited,23/09/2025,https://www.bsesme.com/download/372306/SME_IPO%20InPrinciple/DRHPwithaddendum_20251212153216.pdf
137,Unisem Agritech Limited,22/09/2025,https://www.bsesme.com/download/358384/SME_IPO%20InPrinciple/DraftRedHerringProspectus_unisem_20250922231748.pdf
138,Matangi Rubber Limited,22/09/2025,https://www.bsesme.com/download/330302/SME_IPO%20InPrinciple/Addendum_and_DRHP_Matangi_Rubber_Limited_20251215154746.pdf
139,Digilogic Systems Limited,18/09/2025,https://www.bsesme.com/download/389464/SME_IPO%20InPrinciple/Addendum_DRHP_DSL_20260112130203.pdf
140,EverestIMS Technologies Limited,16/09/2025,https://www.bsesme.com/download/338040/SME_IPO%20InPrinciple/Addendum_DRHP_20260305203448.pdf
141,Topsun Energy Limited,15/09/2025,https://www.bsesme.com/download/362521/SME_IPO%20InPrinciple/DRHP_Final_20250915171549.pdf
142,Methodhub Software Limited,12/09/2025,https://www.bsesme.com/download/344942/SME_IPO%20InPrinciple/MethodhubSoftwareDRHP_20250912225602.pdf
143,HRS Aluglaze Limited,11/09/2025,https://www.bsesme.com/download/357605/SME_IPO%20InPrinciple/HRS_ALUGLAZE_LIMITED_ADDENDUM_DRHP_28102025_20251028194355.pdf
144,ANUBHAV PLAST LIMITED,09/09/2025,https://www.bsesme.com/download/300266/SME_IPO%20InPrinciple/AnubhavPlastLimitedAddendumDRHP_20260116214647.pdf
145,Helloji Holidays Limited,08/09/2025,https://www.bsesme.com/download/342246/SME_IPO%20InPrinciple/DRHPHellojiHolidays_20251023173118.pdf
146,Mother Nutri Foods Limited,08/09/2025,https://www.bsesme.com/download/321829/SME_IPO%20InPrinciple/DRHPMNFL_20250908020915.pdf
147,SMR Jewels Limited,06/09/2025,https://www.bsesme.com/download/372201/SME_IPO%20InPrinciple/DraftRedHerringProspectusSMRJewels_20250906140137.pdf
148,Access Point India Limited,05/09/2025,https://www.bsesme.com/download/320312/SME_IPO%20InPrinciple/AddendumandDP_20251110182607.pdf
149,Msafe Equipments Limited,05/09/2025,https://www.bsesme.com/download/312170/SME_IPO%20InPrinciple/AddendumDRHP_merged_20260113133412.pdf
150,STANBIK AGRO LIMITED,05/09/2025,https://www.bsesme.com/download/370036/SME_IPO%20InPrinciple/FinalDRHP_20251024204833.pdf
151,Century Business Media Limited,05/09/2025,https://www.bsesme.com/download/397611/SME_IPO%20InPrinciple/DRHP_and_Addendum_20251127182350.pdf
152,Narmadesh Brass Industries Limited,25/08/2025,https://www.bsesme.com/download/309582/SME_IPO%20InPrinciple/Draft_Prospectus_NBIL_20250825193337.pdf
153,Shayona Engineering Ltd.,24/08/2025,https://www.bsesme.com/download/341713/SME_IPO%20InPrinciple/AwithDRHP_20251118191844.pdf
154,Vegorama Punjabi Angithi Limited,23/08/2025,https://www.bsesme.com/download/351686/SME_IPO%20InPrinciple/Addendum_DRHP_20251017190118.pdf
155,Sodhani Capital Limited,20/08/2025,https://www.bsesme.com/download/387803/SME_IPO%20InPrinciple/SodhaniCapitalLimitedDraftProspectus_20250820234604.pdf
156,Sakhiya Skin Clinic Limited,18/08/2025,https://www.bsesme.com/download/379489/SME_IPO%20InPrinciple/Addendum_DRHP_Sakhiya_Skin_Clinic_Limited_20251025124714.pdf
157,ADMACH SYSTEMS LIMITED,18/08/2025,https://www.bsesme.com/download/383357/SME_IPO%20InPrinciple/AddendumDRHPAdmachsystemslimited_20251027134047.pdf
158,Gujarat Peanut and Agri Products Limited,14/08/2025,https://www.bsesme.com/download/315190/SME_IPO%20InPrinciple/DP_GPPL_BSE_12082025_Final_20250814182725.pdf
159,LIOTECH INDUSTRIES LIMITED,12/08/2025,https://www.bsesme.com/download/358221/SME_IPO%20InPrinciple/DraftProspectusLiotech_20250812221538.pdf
160,Sihora Industries Limited,11/08/2025,https://www.bsesme.com/download/375917/SME_IPO%20InPrinciple/SIHORADP_20250811202736.pdf
161,NATRINAI VENTURES LIMITED,11/08/2025,https://www.bsesme.com/download/328313/SME_IPO%20InPrinciple/Addendum_DRHP_NVL_20251010142426.pdf
162,JJ PV SOLAR LIMITED,07/08/2025,https://www.bsesme.com/download/335875/SME_IPO%20InPrinciple/JJ_PV_Solar_DRHP_20250806222420.pdf
163,Logiciel Solutions Limited,06/08/2025,https://www.bsesme.com/download/373721/SME_IPO%20InPrinciple/AddendumandDRHP_20251027122303.pdf
164,Infinity Infoway Limited,31/07/2025,https://www.bsesme.com/download/397071/SME_IPO%20InPrinciple/DRHPInfinity_20250731132557.pdf
165,Ravelcare Limited,30/07/2025,https://www.bsesme.com/download/318690/SME_IPO%20InPrinciple/DRHPRavel_20250730224704.pdf
166,Sharp Agricom Limited,30/07/2025,https://www.bsesme.com/download/331967/SME_IPO%20InPrinciple/DRHP_SharpAgricomltd_20250730172022.pdf
167,Kanishk Aluminium India Limited,30/07/2025,https://www.bsesme.com/download/399895/SME_IPO%20InPrinciple/KanishkAddendumwithDP_20260108183826.pdf
168,Om Metallogic Limited,27/07/2025,https://www.bsesme.com/download/344643/SME_IPO%20InPrinciple/DPOMMETAL_20250727025625.pdf
169,BharatRohan Airborne Innovations Limited,24/07/2025,https://www.bsesme.com/download/385141/SME_IPO%20InPrinciple/1DRHPBharatRohanAirborneInnovationsLimited_20250724213914.pdf
170,Nityanand Udyog Limited,24/07/2025,https://www.bsesme.com/download/319658/SME_IPO%20InPrinciple/AddendumDRHP_20251110181647.pdf
171,Riyaasat Lifestyle Limited,15/07/2025,https://www.bsesme.com/download/389631/SME_IPO%20InPrinciple/RiyaasatLifestyleLtd_20250715213356.pdf
172,MEHUL TELECOM LIMITED,14/07/2025,https://www.bsesme.com/download/355456/SME_IPO%20InPrinciple/Mehul_Telecom_Limited_Addendum_and_DRHP_20250821175458.pdf
173,M P K STEELS (I) LIMITED,14/07/2025,https://www.bsesme.com/download/334863/SME_IPO%20InPrinciple/DRHPwithAddendum_20250825161231.pdf
174,TRUE COLORS LIMITED,13/07/2025,https://www.bsesme.com/download/376857/SME_IPO%20InPrinciple/Addendum_DRHP_True_Colour_20250813130931.pdf
175,Telge Projects Limited,12/07/2025,https://www.bsesme.com/download/377843/SME_IPO%20InPrinciple/TelgeProjectsLimited_20250902125818.pdf
176,R. P. Multimetals Limited,11/07/2025,https://www.bsesme.com/download/388128/SME_IPO%20InPrinciple/Addendum_and_DRHP_20250917141742.pdf
177,Global Ocean Logistics India Limited,07/07/2025,https://www.bsesme.com/download/344670/SME_IPO%20InPrinciple/ADRHPGlobal07072025_20250918122157.pdf
178,SSMD Agrotech India Limited,07/07/2025,https://www.bsesme.com/download/381208/SME_IPO%20InPrinciple/SSMDAGROTECH070725_20250707195039.pdf
179,BAI-KAKAJI POLYMERS LIMITED,30/06/2025,https://www.bsesme.com/download/357169/SME_IPO%20InPrinciple/AddendumwithDRHPBaikakaji_20250904191816.zip
180,Abril Paper Tech Limited,30/06/2025,https://www.bsesme.com/download/362446/SME_IPO%20InPrinciple/Final_addendum_Cum_prospectus_02.08.2025_20250802120241.pdf
181,FCML Distributors Limited,30/06/2025,https://www.bsesme.com/download/361040/SME_IPO%20InPrinciple/FCMLDistributorsLtdDRHP_20250630205634.pdf
182,AIRFLOA RAIL TECHNOLOGY LIMITED,30/06/2025,https://www.bsesme.com/download/342311/SME_IPO%20InPrinciple/Addendum_DRHP_AIRFLOA_20250813131158.pdf
183,JD Cables Limited,30/06/2025,https://www.bsesme.com/download/368954/SME_IPO%20InPrinciple/Addendum_DRHP_20250813182147.pdf
184,PRODOCS SOLUTIONS LIMITED,28/06/2025,https://www.bsesme.com/download/353496/SME_IPO%20InPrinciple/Addendum_to_DRHP_DRHP_20250919173502.pdf
185,Phytochem Remedies (India) Limited,27/06/2025,https://www.bsesme.com/download/314071/SME_IPO%20InPrinciple/DraftProspectusPRIL_20250627200627.pdf
186,KASLIWAL PROJECTS LIMITED,27/06/2025,https://www.bsesme.com/download/391714/SME_IPO%20InPrinciple/DRHP_Kasliwal_20250929122809.pdf
187,Shining Tools Ltd,27/06/2025,https://www.bsesme.com/download/381347/SME_IPO%20InPrinciple/Addendum_DP_STL_20250806161842.pdf
188,K K Silk Mills Limited,26/06/2025,https://www.bsesme.com/download/373122/SME_IPO%20InPrinciple/FinaladdendumDRHP_20250731121219.pdf
189,FourFront Limited,26/06/2025,https://www.bsesme.com/download/340924/SME_IPO%20InPrinciple/DRHP_with_Addendum_20250811104014.pdf
190,Dachepalli Publishers Limited,25/06/2025,https://www.bsesme.com/download/344485/SME_IPO%20InPrinciple/DPLDRAFTPROSPECTUS_merged_20250918171107.pdf
191,Oval Projects Engineering Limited,20/06/2025,https://www.bsesme.com/download/349114/SME_IPO%20InPrinciple/Oval_Projects_Engineering_Limited_Addendum_and_DRHP_20250808154741.pdf
192,GAME CHANGERS TEXFAB LIMITED,20/06/2025,https://www.bsesme.com/download/349939/SME_IPO%20InPrinciple/DRHP_GameChangers_20250813150606.pdf
193,APTUS PHARMA LIMITED,18/06/2025,https://www.bsesme.com/download/341484/SME_IPO%20InPrinciple/DRHP_Aptus__20250618225336.pdf
194,Yajur Fibres Limited,13/06/2025,https://www.bsesme.com/download/398442/SME_IPO%20InPrinciple/DRHPandAddendum_20250829161028_20250902114620.zip
195,Earkart Limited,12/06/2025,https://www.bsesme.com/download/340283/SME_IPO%20InPrinciple/Earkart_Limited_Draft_Prospectus_20250612185930.pdf
196,Workmates Core2Cloud Solution Limited,30/05/2025,https://www.bsesme.com/download/386701/SME_IPO%20InPrinciple/AddendumwithDRHP_20250812141521.pdf
197,Sunsky Logistics Limited,29/05/2025,https://www.bsesme.com/download/362513/SME_IPO%20InPrinciple/DRHP_with_Addendum_20250806155112.pdf
198,Dove Soft Limited,28/05/2025,https://www.bsesme.com/download/391808/SME_IPO%20InPrinciple/DRHP_20250902133554.pdf
199,Neptune Logitek Limited,28/05/2025,https://www.bsesme.com/download/376502/SME_IPO%20InPrinciple/NeptuneLogitekLimitedDraftProspectus_20250528063714.pdf
200,Vyara Tiles Limited,22/05/2025,https://www.bsesme.com/download/388932/AddendumDRHP_Vyara_20250822195007.pdf
201,Systematic Industries Limited,22/05/2025,https://www.bsesme.com/download/353098/SME_IPO%20InPrinciple/SystematicIndustriesLimited_20250918121811.pdf
202,Purple Wave Infocom Limited,21/05/2025,https://www.bsesme.com/download/317978/SME_IPO%20InPrinciple/DRHPPurpleWaveInfocomLimited_20251124182929.pdf
203,L. T. Elevator Limited,18/05/2025,https://www.bsesme.com/download/366639/SME_IPO%20InPrinciple/AddendumwithDRHP_20250710182755_20250718180545.pdf
204,NSB BPO Solutions Limited,17/05/2025,https://www.bsesme.com/download/302582/SME_IPO%20InPrinciple/NSBBPOSOLUTIONSLIMITED_20250517133805.pdf
205,ARC DISTRIBUTORS (I) LIMITED,16/05/2025,"https://www.bsesme.com/download/381768/DRHP%20ARC%20Distributors%20(I)%20limited%20May%2016,%202025_20250516212711.pdf"
206,Dhillon Freight Carrier Limited,16/05/2025,https://www.bsesme.com/download/322620/SME_IPO%20InPrinciple/DP_with_Addendum_BSE_Dhillon_20250813123002.pdf
207,SK Minerals & Additives Limited,15/05/2025,https://www.bsesme.com/download/327260/SME_IPO%20InPrinciple/DRHP_20250515114133.pdf
208,Justo Realfintech Limited,13/05/2025,https://www.bsesme.com/download/350270/SME_IPO%20InPrinciple/AddendumandDRHPJustoRealfintechLimited_20250813120442.pdf
209,Vyara Tiles Limited,12/05/2025,https://www.bsesme.com/download/388932/AddendumDRHP_Vyara_20250822195007.pdf
210,Twinkle Papers limited,09/05/2025,https://www.bsesme.com/download/359535/FinalDRHPTwinklePaperltd_20250509184935.pdf
211,Systematic Industries Limited,09/05/2025,https://www.bsesme.com/download/353098/Systematic%20Industries%20Limited_20250509184707.pdf
212,AJC Jewel Manufacturers Limited,07/05/2025,https://www.bsesme.com/download/383499/DRHP&amp;Addendum_20250606112139.pdf
213,Krupalu Metals Limited,01/05/2025,https://www.bsesme.com/download/313956/DP_Krupalu_With%20Addendum_Final_20250617151949.pdf
214,Justo Realfintech Limited,30/04/2025,https://www.bsesme.com/download/350270/SME_IPO/DRHP_Justo_Realfintech_Limited_20250520175816.pdf
215,Shakti Polytarp Limited,30/04/2025,https://www.bsesme.com/download/314858/SME_IPO/DRHP_Shakti_20250430113835.pdf
216,SK Minerals & Additives Limited,30/04/2025,https://www.bsesme.com/download/327260/DRHP_merged_20250620171851.pdf
217,Dove Soft Limited,28/04/2025,https://www.bsesme.com/download/391808/SME_IPO/DRHP_20250428234810.pdf
218,Aritas Vinyl Limited,26/04/2025,https://www.bsesme.com/download/353892/Addendum_DRHP_merged_20250715190813.pdf
219,Bhavik Enterprises Limited,25/04/2025,https://www.bsesme.com/download/361382/Bhavik%20Enterprises%20Limited_20250922130606.pdf
220,Shlokka Dyes Limited,25/04/2025,https://www.bsesme.com/download/312526/FinaL_DRHP_20250425131802.pdf
221,Kiaasa Retail Limited,18/04/2025,https://www.bsesme.com/download/312066/Kiaasa%20Retail%20Limited_DRHP_18.04.2025_20250418142356.pdf
222,Monika Alcobev Limited,14/04/2025,https://www.bsesme.com/download/351552/AddendumandDRHPMAL_20250609133225.pdf
223,Essex Marine Limited,09/04/2025,https://www.bsesme.com/download/339534/Draft%20Prospectus_Essex%20Marine%20Limited_Final%20DP_20250409193051.pdf
224,LAPL Automotive Limited,04/04/2025,https://www.bsesme.com/download/311417/Draft%20Prospectus_LAPL_20250404231235.pdf
225,Mittal Sections Limited,31/03/2025,https://www.bsesme.com/download/367571/DRHP_Addendum_with%20DRHP_20250807144900.pdf
226,Sodhani Capital Limited,31/03/2025,https://www.bsesme.com/download/387803/Sodhani%20Capital%20Limited%20_DP%20_Final_BSE_20250331231030.pdf
227,M P K STEELS (I) LIMITED,31/03/2025,https://www.bsesme.com/download/334863/MPKDRHPwithfinancials_20250331224636.pdf
228,Umiya Mobile Limited,31/03/2025,https://www.bsesme.com/download/338157/Umiya%20Mobile%20Limited_Draft%20Prospectus_20250331221018.pdf
229,Modern Diagnostic & Research Centre Limited,31/03/2025,https://www.bsesme.com/download/320370/SME_IPODRHP_with_Addendum_MDRCL_20251212165301.pdf
230,Oremet Alloys And Castings Limited,31/03/2025,https://www.bsesme.com/download/308290/DRHP_Oremet%20Alloys%20And%20Castings%20Limited_20250331203456.pdf
231,Swastika Castal Ltd,31/03/2025,https://www.bsesme.com/download/387849/Addendum_and_DP_Final_20250613131940.pdf
232,Kasturi Metal Composite Limited,31/03/2025,https://www.bsesme.com/download/324566/SME_IPOAddendum_DRHP_20250724155846.pdf
233,Goel Construction Company Limited,31/03/2025,https://www.bsesme.com/download/356910/GCCL_Addendum_and_DRHP_20250620171324.pdf
234,ANKIT GOLD LIMITED,31/03/2025,https://www.bsesme.com/download/305204/Ankit%20Gold%20Limted%20Draft%20Prospectus%20dated%20March%2029%202025_20250331134729.pdf
235,Chiraharit Limited,31/03/2025,https://www.bsesme.com/download/332366/DP_BSE_Chiraharit_29032025_Final_20250331021617.pdf
236,Zelio E-Mobility Limited,30/03/2025,https://www.bsesme.com/download/321673/SME_IPOZelio_E-Mobility_Limited_20250404152412.pdf
237,JAY AMBE SUPERMARKETS LIMITED,29/03/2025,https://www.bsesme.com/download/323651/DRHP_Addendum_JASL_20250623180909.pdf
238,Ameenji Rubber Limited,29/03/2025,https://www.bsesme.com/download/342882/Ameenji_DRHP_withAddendum_20250723163712.pdf
239,Kanone Technologies Limited,29/03/2025,https://www.bsesme.com/download/324090/DPKanone29032025linkedfinal_20250329175432.pdf
240,Shipwaves Online Limited,29/03/2025,https://www.bsesme.com/download/381943/DP_BSE_Shipwaves_27032025_Final_20250329003006.pdf
241,Mehul Colours Limited,28/03/2025,https://www.bsesme.com/download/358340/DRHPMEHUL01072025_20250701184817.pdf
242,Sampat Aluminium Limited,28/03/2025,https://www.bsesme.com/download/390515/AddendumDRHP_20250709194531.pdf
243,Advance Technoforge Limited,28/03/2025,https://www.bsesme.com/download/386103/Advance%20Technoforge%20Draft%20Prospectus_20250328194744.pdf
244,Bedi Steels Limited,28/03/2025,https://www.bsesme.com/download/348283/DRHP_20250328191950.pdf
245,Hannah Joseph Hospital Limited,27/03/2025,https://www.bsesme.com/download/339078/HJHL%20DRHP%2027.03.2025_20250327232504.pdf
246,Karbonsteel Engineering Limited,27/03/2025,https://www.bsesme.com/download/393491/Karbonsteel%20engineering%20drhp_20250722153544.pdf
247,Apollo Techno Industries Limited,27/03/2025,https://www.bsesme.com/download/363362/AddendumDRHP_20250620172227.pdf
248,Riddhi Display Equipments Limited,27/03/2025,https://www.bsesme.com/download/310671/Riddhi%20DisplayAddendum&amp;DRHP_20250715183627.pdf
249,STAR IMAGING AND PATH LAB LIMITED,26/03/2025,https://www.bsesme.com/download/393830/DRHP_Addendum_Starimaging_20250709185859.pdf
250,Grace Renewable Energy Limited,26/03/2025,https://www.bsesme.com/download/360678/DRHP_Grace_25032025_20250326001526.pdf
251,Gallard Steel Limited,25/03/2025,https://www.bsesme.com/download/308557/Gallard%20DRHP_20250325213006.pdf
252,Chemkart India Limited,21/03/2025,https://www.bsesme.com/download/359161/Addendum&amp;DRHP_20250530124429.pdf
253,NSB BPO Solutions Limited,19/03/2025,https://www.bsesme.com/download/302582/NSB%20BPO%20SOLUTIONS%20LIMITED_20250319174954.pdf
254,B. D. Industries (Pune) Limited,07/03/2025,https://www.bsesme.com/download/368880/Addendum%20along%20with%20DRHP_20250527132118.pdf
255,Yajur Fibres Limited,06/03/2025,https://www.bsesme.com/download/398442/YajurDRHPFilingVersion17032025_20250317193944.pdf
256,GAME CHANGERS TEXFAB LIMITED,03/03/2025,https://www.bsesme.com/download/349939/DRHP_GameChangers_20250303235500.pdf
257,UNITED TECHFAB LIMITED,01/03/2025,https://www.bsesme.com/download/318043/United%20Techfab%20Limited_DP_20250301001632.pdf
258,Solvex Edibles Limited,28/02/2025,https://www.bsesme.com/download/314176/FINALDPSOLVEX_20250228230733.pdf
259,Mahamaya Lifesciences Limited,27/02/2025,https://www.bsesme.com/download/308547/AddendumandDRHPMahamayaLifesciences30072025_20250730174736.pdf
260,LGT Business Connextions Limited,27/02/2025,https://www.bsesme.com/download/327881/LGT%20Business%20Connextions%20Limited_20250227131426.pdf
261,Neptune Holidays Limited,23/02/2025,https://www.bsesme.com/download/377244/NeptuneHolidaysLimitedDRHPfilingversion_20250223164149.pdf
262,Chatterbox Technologies Limited,22/02/2025,https://www.bsesme.com/download/316175/Chatterbox_DRHP_22022025_with_addendum_20250825170258.pdf
263,INFRAPRIME LOGISTICS TECHNOLOGIES LIMITED,21/02/2025,https://www.bsesme.com/download/344292/DRHP_IPLT_21.02.2025_20250221194413.pdf
264,EverestIMS Technologies Limited,19/02/2025,https://www.bsesme.com/download/338040/EverestIMS%20DRHP_19022025_20250219222905.pdf
265,FFS Defence Engineering Limited,18/02/2025,https://www.bsesme.com/download/303264/FFS%20Defence%20Engineering%20Limited%20-%20Draft%20Prospectus_20250218182022.pdf
266,Turtle Infratrade Limited,13/02/2025,https://www.bsesme.com/download/301810/Turtle%20Infratrade%20Limited%20-%20Draft%20Prospectus_20250213161655.pdf
267,Icodex Publishing Solutions Limited,12/02/2025,https://www.bsesme.com/download/377541/SME_IPOIcodexAddendumandDRHPmergedMay162025_20250516133225.pdf
268,Leapfrog Engineering Services Limited,04/02/2025,https://www.bsesme.com/download/352101/DRHP%20with%20Addendum_BSE_Leapfrog_20250624130315.pdf
269,Taiyo Feed Mill Limited,04/02/2025,https://www.bsesme.com/download/330693/AddendumandDRHPTaiyo_20250529134152.pdf
270,Shining Tools Ltd,31/01/2025,https://www.bsesme.com/download/381347/Shining_Tools_DRHP_20250131225827.pdf
271,WESTERN OVERSEAS STUDY ABROAD LIMITED,30/01/2025,https://www.bsesme.com/download/300738/FINAL%20DP%20-%20WOSA_20250130184430.pdf
272,Grandmaa International Limited,29/01/2025,https://www.bsesme.com/download/376819/DRHP_Grandmaa_20250130114006.pdf
273,Satol Chemicals Limited,25/01/2025,https://www.bsesme.com/download/376929/DP_BSE_Satol%20Chemicals_with%20Addedndum_20250512124223.pdf
274,ASSTON PHARMACEUTICALS LIMITED,20/01/2025,https://www.bsesme.com/download/355593/SME_IPO/DRHP_ASSTON%20PHARMACEUTICALS%20LIMITED_20250120210724.pdf
275,Home Zone Rubber Solutions Limited,18/01/2025,https://www.bsesme.com/download/367293/DRHP_HomeZone_20250206193207.pdf
276,Riddhi Display Equipments Limited,17/01/2025,https://www.bsesme.com/download/310671/DRHP_Riddhi_17012025_20250117214718.pdf
277,Shlokka Dyes Limited,16/01/2025,https://www.bsesme.com/download/312526/Draft%20Prospectus_Final_16.01.2025_20250117183042.pdf
278,Abram Food Limited,15/01/2025,https://www.bsesme.com/download/382470/AddendumAbram_20250610132630.pdf
279,CFF Fluid Control Ltd,13/01/2025,https://www.bsesme.com/download/12904/DraftProspectus_20250113190127.pdf
280,JKV SOLUTIONS LIMITED,10/01/2025,https://www.bsesme.com/download/373936/Draft%20ProspectusJKVSOLUTIONSLIMITED_20250110231621.pdf
281,Globtier Infotech limited,09/01/2025,https://www.bsesme.com/download/363410/Addendum%20to%20the%20Prospectus_20250516114841.pdf
282,Gujarat Peanut and Agri Products Limited,08/01/2025,https://www.bsesme.com/download/315190/DP_GPPL_BSE_07012025_Final_20250108230454.pdf
283,Oval Projects Engineering Limited,07/01/2025,https://www.bsesme.com/download/349114/Oval%20Projects%20Engineering%20Ltd_Draft%20Red%20Herring%20Prospectus_20250107130713.pdf
284,Archee Group Contracts Limited,31/12/2024,https://www.bsesme.com/download/361452/DRHP_30.12.2024_20241231221233.pdf
285,Vyara Tiles Limited,31/12/2024,https://www.bsesme.com/download/388932/DRHP_Vyara_20241231192734.pdf
286,ENPROCON ENTERPRISE LIMITED,31/12/2024,https://www.bsesme.com/download/345929/EnProCon_31_12_2024_DRHP_BSE__20241231183725.pdf
287,Crazy Snacks Limited,31/12/2024,https://www.bsesme.com/download/310886/Addendum_DRHP_20250701141809.pdf
288,PATEL CHEM SPECIALITIES LIMITED,31/12/2024,https://www.bsesme.com/download/367012/DRHP_Addendum_Patel_Chem_Specialities_Ltd_31122024_20250403121448.pdf
289,Shree Refrigerations Limited,30/12/2024,https://www.bsesme.com/download/338761/Addendum_DRHP_SRL_20250605174712.pdf
290,Glen Industries Limited,30/12/2024,https://www.bsesme.com/download/321318/SME_IPO/Addendum_and_DRHP_04042025_20250404162441.pdf
291,Safecure Services Limited,27/12/2024,https://www.bsesme.com/download/342661/Safecure%20Addendum%20With%20DP_20250822183330.pdf
292,Sharvaya Metals Limited,26/12/2024,https://www.bsesme.com/download/375267/DRHP_Addendum_to%20_DRHP_20250527171726.pdf
293,Manoj Jewellers Limited,24/12/2024,https://www.bsesme.com/download/310113/DraftProspectusMJL_20241224200652.pdf
294,Valencia India Limited,20/12/2024,https://www.bsesme.com/download/341151/DRHP_20241220230619.pdf
295,Technowire Data Science Limited,19/12/2024,https://www.bsesme.com/download/344230/Technowire%20Data%20Science%20Limited%20-%20Draft%20Prospectus_20241219000737.pdf
296,Vandan Foods Limited,18/12/2024,https://www.bsesme.com/download/323457/addendumvandandrhpfinal_20250313132019.pdf
297,NAKSHATRA ASSET VENTURES LIMITED,14/12/2024,https://www.bsesme.com/download/368402/DRHP_Nakshatra_20241214234235.pdf
298,Shayona Engineering Ltd.,14/12/2024,https://www.bsesme.com/download/341713/Shayona%20Engineering%20Limited%20DRHP_20241214224141.pdf
299,SURIFRESH EXTRACT LIMITED,14/12/2024,https://www.bsesme.com/download/371240/DRHP_Surifresh_20241214214420.pdf
300,Amtech Esters Limited,13/12/2024,https://www.bsesme.com/download/318838/DRHP%20AMTECH_20241213190314.pdf
301,Meta Infotech Limited,12/12/2024,https://www.bsesme.com/download/389961/Addendum_DRHP_20250512124227.pdf
302,Unified Data- Tech Solutions Limited,10/12/2024,https://www.bsesme.com/download/388787/SME_IPOUNIFIED%20DATA-%20TECH%20SOLUTIONS%20LIMITED_20250404162111.pdf
303,Marc Loire Fashions Limited,09/12/2024,https://www.bsesme.com/download/326872/DP_Marc%20Loire_BSE_07122024_Final_20241209230044.pdf
304,Rachit Prints Limited,03/12/2024,https://www.bsesme.com/download/371088/Addendumand%20DRHP_20250526131405.pdf
305,Beezaasan Explotech Limited,30/11/2024,https://www.bsesme.com/download/323425/DRHPBeezaasanExplotechLimited_20241130223137.pdf
306,KVS Castings Limited,29/11/2024,https://www.bsesme.com/download/354314/Addendum_DRHP_20250505153943.pdf
307,AMRUT DREDGING AND SHIPPING LIMITED,26/11/2024,https://www.bsesme.com/download/313961/ADSL_DRHP_20241126125629.pdf
308,Spinaroo Commercial Limited,21/11/2024,https://www.bsesme.com/download/300498/1_DP_BSE_Spinaroo_21112024_Final_20241121210654.pdf
309,3B FILMS LIMITED,12/11/2024,https://www.bsesme.com/download/391368/1.%20Addendum%20with%20DP_20250228175856.pdf
310,Sugs Lloyd Limited,12/11/2024,https://www.bsesme.com/download/352046/Addendum_DRHP_20250512122609.pdf
311,Goblin India Ltd,11/11/2024,https://www.bsesme.com/download/12202/GIL%20-%20FPO%20-%20DP_20241111181808.pdf
312,Repono Limited,28/10/2024,https://www.bsesme.com/download/317253/SME_IPO/Addendum_With_DRHP_20250307120855.pdf
313,Yash Highvoltage Limited,16/10/2024,https://www.bsesme.com/download/313881/YASHDRHPAddendum_20241129125945.pdf
314,Max Supreme Textiles Ltd,01/10/2024,https://www.bsesme.com/download/310352/DPAddendum05062025_20250607140441.pdf
315,Infinity Infoway Limited,01/10/2024,https://www.bsesme.com/download/397071/DRHPInfinity_20241029154935.pdf
316,Nilachal Carbo Metalicks Limited,01/10/2024,https://www.bsesme.com/download/323671/Nilachal%20Draft%20Prospectus%20with%20Addendum_20250512135016.pdf
317,RUKMANI DEVI GARG AGRO IMPEX LIMITED,01/10/2024,https://www.bsesme.com/download/341758/Combined%20Addendum_DRHP_20250519114748.pdf
318,Pind Hospitality Limited,01/10/2024,https://www.bsesme.com/download/367044/updatedDRHP21112024PindBSE_20241122205413.pdf
319,SANJEEVANI AGROFOODS LIMITED,01/10/2024,https://www.bsesme.com/download/349996/AddendumDRHP_SanjeevaniAgrofoodsLimited_20250417130355.pdf
320,Vashishtha Luxury Fashion Limited,01/10/2024,https://www.bsesme.com/download/318126/Addendum_to_DRHP_VLFL_20250430165938.pdf
321,Rikhav Securities Limited,01/10/2024,https://www.bsesme.com/download/353459/DRHP_Rikhav_20240930235958.pdf
322,AJC Jewel Manufacturers Limited,30/09/2024,https://www.bsesme.com/download/383499/DRHPAJCJeweL_20240930235916.pdf
323,CREATEROI FINANCIAL CONSULTANCY LIMITED,30/09/2024,https://www.bsesme.com/download/320155/CreateROI%20DP_20240930235857.pdf
324,Desco Infratech Limited,30/09/2024,https://www.bsesme.com/download/321600/DescoDRHPandAddendum_20250214093913.pdf
325,OSPYN Technologies Limited,30/09/2024,https://www.bsesme.com/download/344136/SME_IPODRHP_Ospyn_20240930233804.pdf
326,Netanalytiks Technologies Limited,30/09/2024,https://www.bsesme.com/download/328445/DP_Netanalytiks_BSE_30092024_Final_20240930222213.pdf
327,Skill Tree Consulting Limited,30/09/2024,https://www.bsesme.com/download/344832/Final%20DRHP%20-STCL_20240930205105.pdf
328,Infonative Solutions Limited,30/09/2024,https://www.bsesme.com/download/345798/SME_IPODRHP_30.09.2024%20Final_20240930195400.pdf
329,Om Metallogic Limited,30/09/2024,https://www.bsesme.com/download/344643/DP-%20OML_compressed_20240930171018.pdf
330,NIS Management Limited,30/09/2024,https://www.bsesme.com/download/330406/NIS-DRHP-Final_20240930160334.pdf
331,Icon Facilitators Limited,30/09/2024,https://www.bsesme.com/download/368878/AddendumAndDRHP_20250312184443.pdf
332,Ace Alpha Tech Limited,29/09/2024,https://www.bsesme.com/download/304244/Addendum_DRHP_20250512141026.pdf
333,Super Iron Foundry Ltd,28/09/2024,https://www.bsesme.com/download/332499/DP%20with%20Adendum_20250206135532.pdf
334,Integrum Energy Infrastructure Limited,28/09/2024,https://www.bsesme.com/download/333998/DRHP_Integrum_BSE_SME_28_09_2024_Merged_with_Addendum_20250613104521.pdf
335,Monarch Surveyors and Engineering Consultants Limited,28/09/2024,https://www.bsesme.com/download/369078/DRHP_Monarch_28.09.2024_20240928220829.pdf
336,BLT LOGISTICS LIMITED,28/09/2024,https://www.bsesme.com/download/367324/DRHP_BLT_20240928213349.pdf
337,GRE RENEW ENERTECH LIMITED,28/09/2024,https://www.bsesme.com/download/360109/GRE_Final%20DRHP_28.09_QR_Final_20240928201217.pdf
338,Valplast Technologies Limited,27/09/2024,https://www.bsesme.com/download/357894/AddendumDRHP_20250526154831.pdf
339,Durgadevi Raiment Limited,27/09/2024,https://www.bsesme.com/download/332773/Durgadevi%20Raiment%20Limited%20Draft%20Prospectus_20240927195207.pdf
340,N R GOLD LIMITED,27/09/2024,https://www.bsesme.com/download/362890/Draft%20Prospectus_NR%20GOld_final_20241003171015.pdf
341,Radiant Innovative Manufacturing Limited,26/09/2024,https://www.bsesme.com/download/323795/DRHP_Radiant_20240926223811.pdf
342,Neev Credit Limited,26/09/2024,https://www.bsesme.com/download/385514/DRHP_Neev%20Credit%20Limited_20240930132649.pdf
343,Austere Systems Limited,26/09/2024,https://www.bsesme.com/download/361256/Addendum_and_DRHP_20250526113504.pdf
344,Takyon Networks Limited,24/09/2024,https://www.bsesme.com/download/310216/DRHP_Takyon_24092024_20240924231249.pdf
345,Shanmuga Hospital Limited,23/09/2024,https://www.bsesme.com/download/393520/DP%20with%20Addendum_Shanmuga_Final_20250122125326.pdf
346,LIOTECH INDUSTRIES LIMITED,23/09/2024,https://www.bsesme.com/download/358221/Liotech%20Industries%20Limited_20240923180429.pdf
347,IKEDA LIMITED,21/09/2024,https://www.bsesme.com/download/322671/FinalDRHPIkedafinal_20240921190451.pdf
348,Aten Papers and Foam Limited,20/09/2024,https://www.bsesme.com/download/323561/AtenDRHPAddendum_20250221201254.pdf
349,NEETU YOSHI LIMITED,18/09/2024,https://www.bsesme.com/download/341310/NeetuYoshiDRHP_20240918070333.pdf
350,Srigee DLM Limited,18/09/2024,https://www.bsesme.com/download/399962/SME_IPODRHP_Final_20240918045212.pdf
351,Nukleus Office Solutions Limited,17/09/2024,https://www.bsesme.com/download/397306/DraftProspectus_20240917153757.pdf
352,Malpani Pipes & Fittings Limited,16/09/2024,https://www.bsesme.com/download/399907/DRHP%2016.09.2024_20240916224922.pdf
353,Praruh Technologies Limited,16/09/2024,https://www.bsesme.com/download/350730/DRHP%20with%20Addendum_Praruh%20Technologies%20Limited_20250519134537.pdf
354,Paradeep Parivahan Limited,12/09/2024,https://www.bsesme.com/download/367201/DRHP_PPL_20240912215735.pdf
355,SOLARIUM GREEN ENERGY LIMITED,11/09/2024,https://www.bsesme.com/download/387106/DRHP_Solarium_20240911234442.pdf
356,NAPS Global India Limited,10/09/2024,https://www.bsesme.com/download/334388/Draft_Prospectus_with_Addendum_20241219174405.pdf
357,Leo Dryfruits & Spices Trading Limited,03/09/2024,https://www.bsesme.com/download/387835/DRHP_%20Leo%20Dryfruits_20240903210601.pdf
358,Adcounty Media India Limited,30/08/2024,https://www.bsesme.com/download/363523/Addendum_DRHP_20250512135035.pdf
359,INDOBELL INSULATIONS LIMITED,29/08/2024,https://www.bsesme.com/download/372520/DP_Indobell_BSE_29082024_20240829230829.pdf
360,Solar91 Cleantech Limited,29/08/2024,https://www.bsesme.com/download/313616/DRHP_Addendum_Solar91_20241128145059.pdf
361,CRYOGENIC OGS LIMITED,28/08/2024,https://www.bsesme.com/download/381341/SME_IPODRHP_Cryogenic_20241217181118.pdf
362,Astonea Labs Ltd,27/08/2024,https://www.bsesme.com/download/316805/DRHP%20ASTONEA%20LABS%20LTD_16.08.24_20240830124837.pdf
363,DSM Fresh Foods Limited,26/08/2024,https://www.bsesme.com/download/387265/Addendum_DRHP_DSM_20250509185644_20250512104535.pdf
364,Technichem Organics Limited,23/08/2024,https://www.bsesme.com/download/310659/Addendum_DRHP_Technichem-Organics-Limited_20241217183602.pdf
365,Landmark Immigration Consultants Limited,23/08/2024,https://www.bsesme.com/download/327379/DRHPAddendum_Landmark_20250103171250.pdf
366,EUREKA CONVEYOR BELTINGS LIMITED,22/08/2024,"https://www.bsesme.com/download/372761/Draft%20Red%20Herring%20Prospectus-Eureka%20Conveyor%20dated%20August%2022,%202024_20240822172811.pdf"
367,L.K.Mehta Polymers Limited,15/08/2024,https://www.bsesme.com/download/385448/DP_LK%20Mehta_15082024_20240820181101.pdf
368,SPECIALITY MEDICINES LIMITED,14/08/2024,https://www.bsesme.com/download/354383/DRHP%2014-08-2024_20240814070333.pdf
369,Quanto Agroworld Limited,09/08/2024,https://www.bsesme.com/download/360290/QUANTO%20AGROWORLD%20LIMITED%20-%20DRHP%20-%2009082024_20240809175644.pdf
370,Rajesh Power Services Limited,08/08/2024,https://www.bsesme.com/download/337973/AddendumWithDRHP_20241111175913.pdf
371,Creativity At Best Technologies Limited,07/08/2024,https://www.bsesme.com/download/382412/DRHP_20240807121503.pdf
372,Fabtech Technologies Cleanrooms Limited,02/08/2024,https://www.bsesme.com/download/301133/Addendum-cum-DRHP_20241206162332.pdf
373,B.R.Goyal Infrastructure Limited,02/08/2024,"https://www.bsesme.com/download/315909/Draft_Red_Herring_Prospectus_BRG%20dated%20August%2002,%202024_20240802201212.pdf"
374,Richesm Healthcare Limited,01/08/2024,https://www.bsesme.com/download/380930/Richesm_DRHP_Final_20240801111052.pdf
375,NISUS FINANCE SERVICE CO LIMITED,31/07/2024,https://www.bsesme.com/download/345061/Addendum_with_DRHP_20241107130703.pdf
376,FLYWINGS SIMULATOR TRAINING CENTRE LIMITED,31/07/2024,https://www.bsesme.com/download/321135/DRHP_Flywings_20240731205602.pdf
377,CLN Energy Limited,31/07/2024,https://www.bsesme.com/download/343256/Addendum_and_DRHP_CLN_20241119171830.pdf
378,PDP Shipping & Projects Limited,30/07/2024,https://www.bsesme.com/download/399731/PDP%20Draft%20Prospectus_20240730132307.pdf
379,Hamps Bio Limited,30/07/2024,https://www.bsesme.com/download/341287/Addendum-Hamps%20Bio%20Limited%20Draft%20Prospectus_20241112115014.zip
380,Jungle Camps India Limited,26/07/2024,https://www.bsesme.com/download/326597/Addendum%20and%20DRHP_20241119131914.pdf
381,Swasth Foodtech India Limited,26/07/2024,https://www.bsesme.com/download/353727/DraftProspectuswithAddendum_20250207164016.pdf
382,Wagons Learning Limited,24/07/2024,https://www.bsesme.com/download/316345/DRHP_20240724111952.pdf
383,Toss the Coin Limited,23/07/2024,https://www.bsesme.com/download/354970/Addendum%20with%20DRHP_20241106172101.pdf
384,Rosmerta Digital Services Limited,21/07/2024,https://www.bsesme.com/download/334423/Addendum_DRHP_20241023181303.pdf
385,IDENTIXWEB LIMITED,20/07/2024,https://www.bsesme.com/download/339859/Identix_Add_DRHP_20.12.2024_20241220123935.pdf
386,Shiv Texchem Limited,19/07/2024,https://www.bsesme.com/download/350905/Addendum%20and%20DRHP%20Shiv%20Texchem%20Limited_20240924151125.pdf
387,SUBAM PAPERS LIMITED,11/07/2024,https://www.bsesme.com/download/316876/SubampapersDRHPAddendum_20240924133930.pdf
388,RAVIRAJ PROCESS CONTROLS LIMITED,10/07/2024,https://www.bsesme.com/download/373166/DRHP_RPCL_20240710201738.pdf
389,Park Smart Solutions Limited,10/07/2024,https://www.bsesme.com/download/395557/DP_ParkSmart_BSE_09072024_20240710170527.pdf
390,Locksworth Infrastructure Limited,08/07/2024,https://www.bsesme.com/download/332799/DraftProspectusLocksworth_20240810144307.pdf
391,CapitalNumbers Infotech Limited,08/07/2024,https://www.bsesme.com/download/336721/CN_DRHP_Final_27_06_2024_BSE_SME_20240708151314.pdf
392,MACH CONFERENCES AND EVENTS LIMITED,08/07/2024,https://www.bsesme.com/download/305509/DRHP_20240708115002.pdf
393,NACDAC Infrastructure Limited,05/07/2024,https://www.bsesme.com/download/395650/DRHP%20NACDAC_20240705175808.pdf
394,Supertech EV Ltd,03/07/2024,https://www.bsesme.com/download/317363/SME_IPO/DRHP%20Addendum-Supertech_20241025160338.pdf
395,PARMESHWAR METAL LIMITED,30/06/2024,https://www.bsesme.com/download/363659/Parmeshwar_Metal_DRHP_20240630175532.pdf
396,Katex Exim Limited,30/06/2024,https://www.bsesme.com/download/347012/Draft%20Prospectus_%2030.06.2024_Final%20Upload_20240630032504.pdf
397,H.M. ELECTRO MECH LIMITED,28/06/2024,https://www.bsesme.com/download/375153/Addendum_&amp;_DRHP_HM_20241107123845.pdf
398,Citichem India Limited,25/06/2024,https://www.bsesme.com/download/323025/Addendum_DP_Citichem_20241206161608.pdf
399,Kenrik Industries Limited,12/06/2024,https://www.bsesme.com/download/324845/kenrik_draft_prospectus_final_20250214145714.pdf
400,Trafiksol ITS Technologies Limited,01/06/2024,https://www.bsesme.com/download/351970/Trafiksol_DRHP__31052024__20240603162853.pdf
401,Khyati Global Ventures Limited,30/05/2024,https://www.bsesme.com/download/371811/Addendum_Draft_Prospectus_KGVL_20240828122410.pdf
402,Amwill Health Care Limited,27/05/2024,https://www.bsesme.com/download/312736/AddendumtotheDRHPAmwill_20241122192810.pdf
403,Share Samadhan Limited,14/05/2024,https://www.bsesme.com/download/319510/DRHP_Sharesamadhan_20240820164301.pdf
404,SHREENATH PAPER PRODUCTS LIMITED,07/05/2024,https://www.bsesme.com/download/305180/Shreenath_30.04.2024_20240507114117.pdf
405,Travels & rentals Limited,02/05/2024,https://www.bsesme.com/download/334357/DP_Travels_BSE_with%20Addendum_20240726112041.pdf
406,Archit Nuwood Industries Limited,26/04/2024,https://www.bsesme.com/download/325262/AddendumtoDRHP_20240805182158.pdf
407,Aelea Commodities Limited,31/03/2024,https://www.bsesme.com/download/338870/Aelea%20Commodities%20Limited%20DRHP_20240403172809.pdf
408,Three M Paper Boards Limited,30/03/2024,https://www.bsesme.com/download/385518/Addendum_and_DRHP_20240624172120.pdf
409,Popular Foundations limited,29/03/2024,https://www.bsesme.com/download/371101/AddendumwithDRHPPopular_20240820111919.pdf
410,Afcom Holdings Limited,26/03/2024,https://www.bsesme.com/download/345822/DRHPAFCOMfinal_merged(1)_20240719163553.pdf
411,Neopolitan Pizza Limited,16/03/2024,https://www.bsesme.com/download/301453/Draft%20Prospectus_Neopolitan%20Pizza%20Limited_20240801155042.pdf
412,SATTRIX INFORMATION SECURITY LIMITED,14/03/2024,https://www.bsesme.com/download/336779/Draft%20Prospectus-13.03.2024_20240314124954.pdf
413,GB Logistics Commerce Limited,08/03/2024,https://www.bsesme.com/download/349132/240308-DRHP-GLCL-Final_20240308004126.pdf
414,Mangal compusolution limited,06/03/2024,https://www.bsesme.com/download/355885/Addendun%20and%20Draft%20Prospectus%20-%20Mangal%20Compusolution%20Limited_20240905120317.pdf
415,3C IT Solutions and Telecoms (India) Limited,22/02/2024,https://www.bsesme.com/download/359729/Draft%20Prospectus%203C%20IT_20240222183357.pdf
416,VVIP Infratech Limited,20/02/2024,https://www.bsesme.com/download/313107/VVIP%20DRHP_20240220164718.pdf
417,Amkay Products Limited,14/02/2024,https://www.bsesme.com/download/383198/Amkay%20Products%20Limited_20240326104750.pdf
418,Ullu Digital Limited,14/02/2024,https://www.bsesme.com/download/314610/Draft%20Red%20Herring%20Prospectus_20240214161710.pdf
419,GEM Enviro Management Limited,14/02/2024,https://www.bsesme.com/download/307671/DRHP_20240610162814.pdf
420,Storage Technologies and Automation Limited,06/02/2024,https://www.bsesme.com/download/305526/Addendum%20with%20DRHP-STAL_20240416144536.pdf
421,Aztec Fluids & Machinery Limited,31/01/2024,https://www.bsesme.com/download/351554/DRHP_with_corrigendum_20240503161357.pdf
422,KP Green Engineering Limited,25/01/2024,https://www.bsesme.com/download/397216/Addendum_with_DRHP_20240227113402.pdf
423,Shivam Chemicals Limited,24/01/2024,https://www.bsesme.com/download/340965/Addendum_and_Draft_Prospectus_of_Shivam%20Chemicals_Limited_20240322184615.pdf
424,CLINITECH LABORATORY LIMITED,24/01/2024,https://www.bsesme.com/download/346378/SME_IPO/Clinitech%20Laboratory%20Limited_20240614115136.pdf
425,RAPID MULTIMODAL LOGISTICS LIMITED,21/01/2024,https://www.bsesme.com/download/318356/Addendum_DRHP_RAPID%20MULTIMODAL_20240503130229.pdf
426,Jay Kailash Namkeen Limited,09/01/2024,https://www.bsesme.com/download/368435/SME_IPO/DRHP_JayKailashNamkeenLimited_29122023_20240109190449.pdf
427,RETAGGIO INDUSTRIES LIMITED,04/01/2024,https://www.bsesme.com/download/365032/DRHP_Retaggio_20240104183702.pdf
428,Broach Lifecare Hospital Limited,02/01/2024,https://www.bsesme.com/download/320064/Addendum_DRHP_Broach_20240524133444.pdf
429,Dindigul Farm Product Limited,02/01/2024,https://www.bsesme.com/download/388951/AddendumwithDRHP_Dindigul_20240530171914.pdf
430,Emmforce Autotech Limited,02/01/2024,https://www.bsesme.com/download/311463/Emmforce_DRHP_with_Addendum_20240307163728.pdf
431,Nexxus Petro Industries Limited,01/01/2024,https://www.bsesme.com/download/387460/AddendumwithDRHPNexxus_20240820115534.pdf
432,TGIF Agribusiness Ltd,31/12/2023,https://www.bsesme.com/download/338428/Addendum%20and%20Draft%20Prospectus_20240326114440.pdf
433,ASSOCIATED COATERS LIMITED,30/12/2023,https://www.bsesme.com/download/347582/DA_Associate%20Coaters_20240402105334.pdf
434,Sodhani Academy of Fintech Enablers Limited,30/12/2023,https://www.bsesme.com/download/372577/AddendumwithDRHP_SAFE_20240712130112.pdf
435,FAALCON CONCEPTS LIMITED,29/12/2023,https://www.bsesme.com/download/343500/SME_IPO/Addendum_DP_Faalcon_20240223112902.pdf
436,Resourceful Automobile Limited,29/12/2023,https://www.bsesme.com/download/364867/DRHPalongwithAddendum_20240514114637.pdf
437,SHREYAS FABTECH LIMITED,29/12/2023,https://www.bsesme.com/download/342720/Shreyas%20Fabtech_DRHP_20231229004927.pdf
438,DAVIN SONS RETAIL LIMITED,28/12/2023,https://www.bsesme.com/download/351931/ADDENDUM%20WITH%20DP_20240412151313.pdf
439,REET PROJECTS LIMITED,28/12/2023,https://www.bsesme.com/download/392389/Draftprospectus14.12.23_20231228132442.pdf
440,Sai Swami Metals and Alloys Limited,27/12/2023,https://www.bsesme.com/download/393270/DPSaiAlongwithAddendum_20240314163857.pdf
441,United Cotfab Limited,27/12/2023,https://www.bsesme.com/download/382833/Addendum_and_Draft_Prospectus_20240306190733.pdf
442,Nimstech Industries Limited,25/12/2023,https://www.bsesme.com/download/354270/Draft%20Prospectus_Nimstech%20Industries%20Limited_20231225202952.pdf
443,Rudra Gas Enterprise Limited,20/12/2023,https://www.bsesme.com/download/327791/Draft%20Prospectus_Rudra%20Gas%20Enterprise%20Limited_20231229162905.pdf
444,Greenhitech Ventures Limited,04/12/2023,https://www.bsesme.com/download/329643/Addendum_with_Draft_Prospectus_Greenhitech_Ventures_Limited_20240314155633.pdf
445,Pune E - Stock Broking Limited,04/12/2023,https://www.bsesme.com/download/355897/Pune%20E%20-%20Stock%20Broking%20Limited_DRHP%20along%20with%20Addendum_20240213193104.pdf
446,Gconnect Logitech and Supply chain Limited,29/11/2023,https://www.bsesme.com/download/313316/AddendumDRHPGconnect_20240229163713.pdf
447,FINELISTINGS TECHNOLOGIES LIMITED,23/11/2023,https://www.bsesme.com/download/396490/DRHP_Finelistings_22112023%20-%20UPLOAD_20231123130603%20(1)_20240423170304.pdf
448,Shri Balaji Valve Components Limited,21/11/2023,https://www.bsesme.com/download/382759/DRHP-Balaji%20Valve_20231121132008.pdf
449,Gabriel Pet Straps Limited,16/11/2023,https://www.bsesme.com/download/327334/Draft%20Prospectus_Gabriel_20231116203916.pdf
450,Harshdeep Hortico Limited,16/11/2023,https://www.bsesme.com/download/349816/DRHP_20240116155930.pdf
451,AIK Pipes and Polymers Limited,11/11/2023,https://www.bsesme.com/download/383092/Draft%20Prospectus_AIK_20231111172312.pdf
452,Naturewings Holidays Limited,06/11/2023,https://www.bsesme.com/download/392025/Naturewings_drhp_addendum_combined_20240314152257.pdf
453,MAGENTA LIFECARE LIMITED,01/11/2023,https://www.bsesme.com/download/307848/Addendum%20upload%20march%20062024_20240322141858.pdf
454,Kizi Apparels Limited,19/10/2023,https://www.bsesme.com/download/386211/Addendum%20with%20Draft%20Prospectus_20240625142919.pdf
455,JKV SOLUTIONS LIMITED,13/10/2023,https://www.bsesme.com/download/373936/combined_jkv_20240610120235.pdf
456,Piotex Industries Limited,11/10/2023,https://www.bsesme.com/download/325082/DP_Piotex_20241023180442.pdf
457,Rudra Gas Enterprise Limited,03/10/2023,https://www.bsesme.com/download/327791/DP%20-%20Rudra%20Gas%20Enterprise%20Limited_20231003175549.pdf
458,CREATEROI FINANCIAL CONSULTANCY LIMITED,01/10/2023,https://www.bsesme.com/download/320155/CreateROI%20Draft%20Prospectus_20231001000515.pdf
459,Swashthik Plascon Limited,01/10/2023,https://www.bsesme.com/download/394491/DRHP_SPL_20231110170426.pdf
460,Chatha Foods Limited,30/09/2023,https://www.bsesme.com/download/376601/SME_IPOFinal%20addendum%20for%20submission%2026022024_20240301201920.pdf
461,Lorven International Limited,30/09/2023,https://www.bsesme.com/download/315269/LorvenInternaltionalLimited_DP_20230930220202.pdf
462,New Swan Multitech Limited,30/09/2023,https://www.bsesme.com/download/392419/DRHPwithaddendum_20231121131147.pdf
463,Deepak Chemtex Limited,30/09/2023,https://www.bsesme.com/download/324898/DRHP%20with%20All%20Addendum_20231118105745.pdf
464,Mayank Cattle Food Limited,30/09/2023,https://www.bsesme.com/download/395297/DP_MAYANK_BSE_30092023_20230930195140.pdf
465,Karma Ecotech Limited,30/09/2023,https://www.bsesme.com/download/343560/230930_-_KETL_-_DRHP_-_MW-v3_20230930162428.pdf
466,Resvera Wines Limited,30/09/2023,https://www.bsesme.com/download/355271/Draft%20Prospectus-%20Resvera%20Wines%20Limited_20230930124649.pdf
467,Viraunique Realtors Limited,27/09/2023,https://www.bsesme.com/download/323151/Viraunique%20Draft%20Prospectus_20230927201406.pdf
468,Brisk Technovision Limited,27/09/2023,https://www.bsesme.com/download/391699/Brisk%20Technovision%20Draft%20Prospectus_20230927172602.pdf
469,Siyaram Recycling Industries Limited,27/09/2023,https://www.bsesme.com/download/377062/Siyaram%20-%20Addendum%20&amp;%20DRHP_20231201153107.pdf
470,VARYAA CREATIONS LIMITED,26/09/2023,https://www.bsesme.com/download/345104/Varyaa%20Creations%20Limited%20Draft%20Prospectus_20240419160854.pdf
471,Shanti Spintex Limited,15/09/2023,https://www.bsesme.com/download/324840/DRHPwithaddendum_20231121123311.pdf
472,Sahara Maritime Limited,07/09/2023,https://www.bsesme.com/download/377903/DP_SML_FINAL_20230908122357.pdf
473,Amkay Products Limited,06/09/2023,https://www.bsesme.com/download/383198/AMKAY%20PRODUCTS%20LIMITED_20230906144810.pdf
474,Qualitek Labs Limited,05/09/2023,https://www.bsesme.com/download/313933/Draft%20Prospectus_Qualitek04092023_20231222110737.pdf
475,Mish Designs Limited,04/09/2023,https://www.bsesme.com/download/353006/Mish_Designs_Limited_Draft_Prospectus_20230904180625.pdf
476,Shri Balaji Valve Components Limited,04/09/2023,https://www.bsesme.com/download/382759/DHRP%20-%20Balaji%20Valve%20(1)_20230904163554.pdf
477,VDOIT TECHNOLOGIES LIMITED,01/09/2023,https://www.bsesme.com/download/301231/DraftProspectusandAddendum2_20231201154208.pdf
478,Organic Recycling Systems Limited,31/08/2023,https://www.bsesme.com/download/328938/Updated%20DP%2016.08.2023-%20Clean%20version_20230831200409.pdf
479,Grandmaa International Limited,29/08/2023,https://www.bsesme.com/download/376819/DRHP_Grandmaa_20230829230416.pdf
480,Jay Kailash Namkeen Limited,29/08/2023,https://www.bsesme.com/download/368435/DRHP%20-%20Jay%20Kailash%20Namkeen%20Limited_August2023_20230829173930.pdf
481,AMIC FORGING LIMITED,28/08/2023,https://www.bsesme.com/download/396567/DRHP_Addendum_20231117184526.pdf
482,Manoj Ceramic Limited,28/08/2023,https://www.bsesme.com/download/346458/MCLAddendumandDP_20231207185453.pdf
483,Kahali Craftistics Limited,28/08/2023,https://www.bsesme.com/download/305088/KCL%20DRAFT%20PROSPECTUS_20230828150733.pdf
484,Shree Marutinandan Tubes Limited,28/08/2023,https://www.bsesme.com/download/361636/DRHP01122023_20231201154427.pdf
485,Royal Sense Limited,21/08/2023,https://www.bsesme.com/download/320433/Draft%20Prospectus%20Royal%20Sense%20ltd_20230821175230.pdf
486,Avax Apparels And Ornaments Limited,18/08/2023,https://www.bsesme.com/download/332568/Combined_Addendum_cum_DRHP_20240805102324.pdf
487,Kalyani Cast-Tech Limited,14/08/2023,https://www.bsesme.com/download/371720/DRHP_Kalyani_20230814214403.pdf
488,INTERIORS & MORE LIMITED,12/08/2023,https://www.bsesme.com/download/352364/DRHP_Interior_20230812005508.pdf
489,BENCHMARK COMPUTER SOLUTIONS LIMITED,10/08/2023,https://www.bsesme.com/download/312601/2.%20Draft%20Prospectus%20-%20Benchmark_20230810174156.pdf
490,GRUNE HAFEN LIMITED,03/08/2023,https://www.bsesme.com/download/346656/DRHP_FINAL_20230804120223.pdf
491,Techknowgreen Solutions Limited,31/07/2023,https://www.bsesme.com/download/391915/Draft%20Prospectus_Green_20230731183959.pdf
492,BBG Industries Limited,31/07/2023,https://www.bsesme.com/download/335687/Draft%20prospectus%20-%20BBG%20-%2031.07.2023_20230731172414.pdf
493,Vruddhi Engineering Works Limited,31/07/2023,https://www.bsesme.com/download/321038/DRHP_20230731144359.pdf
494,SUNITA TOOLS LIMITED,31/07/2023,https://www.bsesme.com/download/314979/Draft_Prospectus_Sunita_Tools_Limited_20230731112824.pdf
495,Shreni Shares Limited,27/07/2023,https://www.bsesme.com/download/367325/Shreni%20Shares%20Limited_Draft%20Prospectus_20230727143056.pdf
496,DAVIN SONS RETAIL LIMITED,26/07/2023,https://www.bsesme.com/download/351931/DAVIN%20SONS%20-%20DRAFT%20PROSPECTUS_20230726131455.pdf
497,LABDHI COMMERCIALS LIMITED,21/07/2023,https://www.bsesme.com/download/301763/DP%20-%20LABDHI%2018.07.2023_20230721140527.pdf
498,Koura Fine Diamond Jewelry Limited,20/07/2023,https://www.bsesme.com/download/300094/Addendum_with_Draft_Prospectus_of_Koura_Fine_Diamond_Jewelry_Limited_20231214170304.pdf
499,KK Shah Hospitals Limited,15/07/2023,https://www.bsesme.com/download/339129/DraftProspectus%20KKSHAHHOSPITAL_20230715005905.pdf
500,Sodhani Academy of Fintech Enablers Limited,14/07/2023,"https://www.bsesme.com/download/372577/Draft%20Prospectus%20dated%20July%2012,%202023-%20SAFEL_20230714200255.pdf"
501,Meson Valves India Limited,13/07/2023,https://www.bsesme.com/download/320657/Draft%20Prospectus_Meson_20230713191745.pdf
502,Vrundavan Plantation Limited,12/07/2023,https://www.bsesme.com/download/350358/DRAFT%20PROSPECTUS12.07.2023_20230712210854.pdf
503,AIK Pipes and Polymers Limited,03/07/2023,"https://www.bsesme.com/download/383092/Draft%20Prospectus%20-%20AIK%20Pipes%20and%20Polymers%20Limited%20dated%20June%2030,%202023_20230703133911.pdf"
504,Bondada Engineering Limited,30/06/2023,https://www.bsesme.com/download/337568/Draft%20Prospectus_20230630190627.pdf
505,Kahan Packaging Limited,30/06/2023,https://www.bsesme.com/download/356334/Kahan_Packaging_Limited_DP_20230630180643.pdf
506,ARROWHEAD SEPERATION ENGINEERING LIMITED,27/06/2023,https://www.bsesme.com/download/394119/Draft%20Prospectus_Arrowhead_Seperation_Engineering_Limited_20230628112038.pdf
507,ASARFI HOSPITAL LIMITED,27/06/2023,https://www.bsesme.com/download/341538/AsarfiHospitalLimited_DRHP_20230627111926.pdf
508,Ultra Rich Weddings Limited,20/06/2023,https://www.bsesme.com/download/343011/Ultra%20Draft%20Prospectus_20230620224250.pdf
509,TRANSTEEL SEATING TECHNOLOGIES LIMITED,15/06/2023,https://www.bsesme.com/download/353433/DRHP_Transteel_20230615233742.pdf
510,ALPHALOGIC INDUSTRIES LIMITED,14/06/2023,https://www.bsesme.com/download/353396/Draft%20Prospectus_Alphalogic_BSE_12062023_20230614112847.pdf
511,Euphoria Infotech (India) Limited,10/06/2023,https://www.bsesme.com/download/369599/DRHP%20Euphoria%20Infotech%20India%20Ltd_Final_10062023_20230610173219.pdf
512,Khazanchi Jewellers Limited,09/06/2023,https://www.bsesme.com/download/330448/Draft%20Prospectus_20230609172510.pdf
513,ACCELERATEBS INDIA LIMITED,03/06/2023,https://www.bsesme.com/download/340582/Draft%20Prospectus_Accelerate_20230603202008.pdf
514,Viraunique Realtors Limited,02/06/2023,https://www.bsesme.com/download/323151/Draft%20Prospectus%20of%20Viraunique_20230602155831.pdf
515,ALPHALOGIC INDUSTRIES LIMITED,23/05/2023,https://www.bsesme.com/download/353396/Draft%20Prospectus_ATL_23052023_20230523163705.pdf
516,Hunger Choice Limited,19/05/2023,https://www.bsesme.com/download/347312/Draft%20Prospectus_Hunger%20Choice%20Limited_20230519100003.pdf
517,DADA ORGANICS LIMITED,18/05/2023,https://www.bsesme.com/download/335443/DP_DADA%20ORGANICS_BSE_18052023_20230518190831.pdf
518,ISH TRAVEL & TOURS  LIMITED,16/05/2023,https://www.bsesme.com/download/343404/Ish%20Travel%20&amp;%20Tours%20Ltd%20Draft%20Prospectus%20-Filing%20version_20230516193450.pdf
519,Veefin Solutions Limited,16/05/2023,https://www.bsesme.com/download/369695/Draft%20Prospectus_Veefin_20230516032803.pdf
520,Kaka Industries Limited,10/05/2023,https://www.bsesme.com/download/350429/DRHPKIL_20230511152921.pdf
521,Hemant Surgical Industries Limited,08/05/2023,https://www.bsesme.com/download/359589/Hemant%20Surgical%20Industries%20Limited%20DRHP_20230508173445.pdf
522,ACCELERATEBS INDIA LIMITED,29/04/2023,https://www.bsesme.com/download/340582/Draft%20Prospectus_Accelerate_20230429224856.pdf
523,SHELTER PHARMA LIMITED,28/04/2023,https://www.bsesme.com/download/303612/DRHP_Shelter_20230428153541.pdf
524,ROOPYAA FINBIZZ LIMITED,24/04/2023,https://www.bsesme.com/download/350742/Draft%20Prospectus%20-%20Roopyaa%20Final-21.04.23_20230424193519.pdf
525,Cosmic CRF Limited,21/04/2023,https://www.bsesme.com/download/331313/Cosmic%20CFR%20Limited_DRHP_21.04.2023_20230421212909.pdf
526,Citichem India Limited,20/04/2023,https://www.bsesme.com/download/323025/Final%20Draft%20Prospectus%20of%20Citichem_20230420151552.pdf
527,Kaka Industries Limited,13/04/2023,https://www.bsesme.com/download/350429/DraftProspectus_Kaka_20230413174323.pdf
528,Oliria Foods and Beverages Limited,11/04/2023,https://www.bsesme.com/download/364893/DraftProspectusOliria_20230411163954.pdf
529,Shoora Designs Limited,11/04/2023,https://www.bsesme.com/download/394556/Draft%20Prospectus%20of%20Shoora%20Designs%20Limited_20230411113721.pdf
530,Sonalis Consumer Products Limited,04/04/2023,"https://www.bsesme.com/download/375740/DP%20-%20Sonalis%20Consumer%20Products%20Ltd%20-%20April%203,%202023_20230404162308.pdf"
531,AHASolar Technologies Limited,29/03/2023,https://www.bsesme.com/download/371084/Draft%20Prospectus%20-%20AHASolar%20Technologies%20Limited_20230329183955.pdf
532,Kelson Foods Limited - (Withdrawn),23/03/2023,https://www.bsesme.com/download/388631/Draft%20Prospectus%20Final_20230323185630.pdf
533,KK Shah Hospitals Limited,20/03/2023,https://www.bsesme.com/download/339129/Draft%20Prospectus_KK%20Shah_20230320201228.pdf
534,ASARFI HOSPITAL LIMITED,17/03/2023,https://www.bsesme.com/download/341538/Draft%20Prospectus_ASARFI_BSE_17032023_20230317194726.pdf
535,Hemant Surgical Industries Limited,15/03/2023,https://www.bsesme.com/download/359589/Draft%20Prospectus_Hemant%20Surgical%20Industries%20Limited_20230315132706.pdf
536,City Crops Agro Limited,10/03/2023,https://www.bsesme.com/download/312255/DP_CCAL_final_20230310225219.pdf
537,SAN TRICA REALTORS LIMITED,09/03/2023,https://www.bsesme.com/download/384838/Draft%20Prospectus%20San%20Trica-Clean_20230309222649.pdf
538,Sancode Technologies Limited,08/03/2023,https://www.bsesme.com/download/397370/Draft%20Prospectus_20230308231912.pdf
539,Exhicon Events Media Solutions Limited,06/03/2023,https://www.bsesme.com/download/345167/Exhicon_DRHP_20230306143500.pdf
540,Kumjai Farms Limited,06/03/2023,https://www.bsesme.com/download/337647/2%20DP%20KUMJAI%20Feb272023_20230306130845.pdf
541,INNOKAIZ INDIA LIMITED,03/03/2023,https://www.bsesme.com/download/373086/DRHP_Innokaiz_20230303203206.pdf
542,COMRADE APPLIANCES LIMITED,28/02/2023,https://www.bsesme.com/download/307445/DRHP_Comrade_20230301172310.pdf
543,RETINA PAINTS LIMITED,24/02/2023,https://www.bsesme.com/download/334891/DRHP_Retina_20230224183211.pdf
544,Labelkraft Technologies Limited,22/02/2023,https://www.bsesme.com/download/384705/Draft%20Prospectus%20Labelkraft_20230222125224.pdf
545,SEVEN SEAZ VACATIONS LIMITED,21/02/2023,https://www.bsesme.com/download/351194/DRAFT%20PROSPECTUS%20-%20SEVEN%20SEAZ%20(1)_20230221191011.pdf
546,COMMAND POLYMERS LIMITED,21/02/2023,https://www.bsesme.com/download/370728/Command%20Polymers%20Limited_Draft%20Prospectus_20230221175352.pdf
547,Innovatus Entertainment Networks Limited,20/02/2023,https://www.bsesme.com/download/311357/Innovatus%20DP_20230220182359.pdf
548,Bizotic Commercial Limited,17/02/2023,https://www.bsesme.com/download/306731/Draft%20prospectus%20Final_20230217215440.pdf
549,Avax Soft Technologies Limited,16/02/2023,https://www.bsesme.com/download/336473/Avax%20Soft%20Technologies%20DRHP_20230216212850.pdf
550,Maiden Forgings Limited,13/02/2023,https://www.bsesme.com/download/315720/DRHP_20230213190015.pdf
551,Vivaa Tradecom Limited,07/02/2023,https://www.bsesme.com/download/394894/Final%20Draft%20Prospectus-07.02_20230207173455.pdf
552,PROSPECT COMMODITIES LIMITED,25/01/2023,https://www.bsesme.com/download/332083/Draft%20Prospectus_20230125182321.pdf
553,Macfos Limited,19/01/2023,https://www.bsesme.com/download/393379/DRHP%20dt%2019-01-2023._20230119155659.pdf
554,Manoj Jewellers Limited,17/01/2023,https://www.bsesme.com/download/310113/Draft%20Prospectus_20230117231251.pdf
555,Dev Labtech Venture Limited,16/01/2023,"https://www.bsesme.com/download/333829/Draft%20Prospectus%20-%20Dev%20Labtech%20Venture%20Limited%20dated%20January%2012,%202023_20230116140858.pdf"
556,Labelkraft Technologies Limited,13/01/2023,https://www.bsesme.com/download/384705/Draft%20Prospectus%20Labelkraft_20230113135634.pdf
557,Earthstahl & Alloys Limited,12/01/2023,https://www.bsesme.com/download/379311/Earthstahl%20&amp;%20Alloys%20Limited%20DRHP_20230112104548.pdf
558,PATRON EXIM LIMITED,10/01/2023,https://www.bsesme.com/download/388058/Final%20Draft%20Prospectus%20Patron_20230110002926.pdf
559,Sealmatic India Limited,05/01/2023,https://www.bsesme.com/download/348962/DRHP_Sealmatic%20India%20Limited%2005.01.2023_20230105181237.pdf
560,ITCONS E-SOLUTIONS LIMITED,03/01/2023,https://www.bsesme.com/download/357719/DP_ITCONS_BSE_03012023_20230103215533.pdf
561,INNOKAIZ INDIA LIMITED,31/12/2022,https://www.bsesme.com/download/373086/Draft%20Prospectus_Innokaiz_20221231162038.pdf
562,Kalyani Cast-Tech Limited,22/12/2022,https://www.bsesme.com/download/371720/KCTL%20DRHP_20221222182936.pdf
563,AMANAYA VENTURES LIMITED,22/12/2022,https://www.bsesme.com/download/360115/AMANAYA%20VENTURES%20LIMITED_20221222144322.pdf
564,RESGEN LIMITED,20/12/2022,https://www.bsesme.com/download/322747/DRHP_Resgen_20221220004858.pdf
565,EBOR INDUSTRIES LIMITED,14/12/2022,https://www.bsesme.com/download/368338/Draft%20Prospectus_EBOR_14122022_20221214235822.pdf
566,SAN TRICA REALTORS LIMITED,13/12/2022,https://www.bsesme.com/download/384838/SAN%20TRICA%20REALTORS%20LIMITED_20221213120130.pdf
567,Bright Outdoor Media Limited,12/12/2022,https://www.bsesme.com/download/371814/Draft%20Prospectus_20221212220132.pdf
568,CFF FLUID CONTROL LIMITED,12/12/2022,https://www.bsesme.com/download/353359/Draft%20Prospectus_CFF%20Fluid%20Control%20Limited-_20221212171153.pdf
569,SUDARSHAN PHARMA INDUSTRIES LIMITED,10/12/2022,https://www.bsesme.com/download/341854/DRHP_Sudarshan_v12.2_20221210202654.pdf
570,SVS VENTURES LIMITED,07/12/2022,https://www.bsesme.com/download/335567/SVS%20Ventures%20Limited_20221207160947.pdf
571,LABDHI COMMERCIALS LIMITED,06/12/2022,https://www.bsesme.com/download/301763/LABDHI%20DRAFT%20PROSPECTUS_20221206141816.pdf
572,PNGS GARGI FASHION JEWELLERY LIMITED,28/11/2022,https://www.bsesme.com/download/369324/Draft%20Prospectus_Gargi_20221128152036.pdf
573,S. V. J. ENTERPRISES LIMITED,31/10/2022,https://www.bsesme.com/download/377261/S.V.J.%20Enterprises%20Limited_20221031164811.pdf
574,SVS VENTURES LIMITED,31/10/2022,https://www.bsesme.com/download/335567/SVS%20Ventures%20Limited_20221031133820.pdf
575,Organic Recycling Systems Limited,26/10/2022,https://www.bsesme.com/download/328938/ORS%20DP%20Final_20221026165336.pdf
576,Droneacharya Aerial Innovations Limited,18/10/2022,https://www.bsesme.com/download/383641/Droneacharya_DRHP_20221018195059.pdf
577,Transvoy Logistics India Limited,04/10/2022,https://www.bsesme.com/download/370499/Draft%20Prospectus%20-%20Transvoy%20Logistics%20India%20Limited_20221004201615.pdf
578,DAPS ADVERTISING LIMITED,30/09/2022,https://www.bsesme.com/download/320977/Draft%20Prospectus%20-%20DAPS_20220930235822.pdf
579,STITCHED TEXTILES LIMITED,30/09/2022,https://www.bsesme.com/download/382273/DRHP_STITCHED_30092022_20220930234909.pdf
580,Haru Worldwide Limited,30/09/2022,https://www.bsesme.com/download/348812/Final%20Draft%20Prospectus_20220930231127.pdf
581,Eastern Logica Infoway Ltd,30/09/2022,https://www.bsesme.com/download/350589/Draft%20Prospectus_Eastern%20Logica%20Ltd%20dtd%2030092022_20220930152902.pdf
582,Dharni Capital Services Limited,29/09/2022,https://www.bsesme.com/download/384844/Draft%20Prospectus%20Dharni%20Capital%20Services%20Limited_20220929183011.pdf
583,Technopack Polymers Ltd.,22/09/2022,https://www.bsesme.com/download/315298/Final%20TPL_DRHP_20220922164924.pdf
584,REX SEALING AND PACKING INDUSTRIES LIMITED,19/09/2022,https://www.bsesme.com/download/342187/Rex%20Sealing-Draft%20Prospectus%20-%20final_20220919141652.pdf
585,Cargotrans Maritime Limited,15/09/2022,https://www.bsesme.com/download/392480/Draft%20Prospectus_20220915172628.pdf
586,AMBO AGRITEC LIMITED,15/09/2022,https://www.bsesme.com/download/302503/DP_AMBO_BSE_14092022_20220915014952.pdf
587,PACE E-COMMERCE VENTURES LIMITED,12/09/2022,https://www.bsesme.com/download/375760/Draft%20Prospectus_20220912233521.pdf
588,Vedant Asset Ltd,12/09/2022,https://www.bsesme.com/download/326699/Vedant%20Asset%20Limited_DP_20220912161658.pdf
589,Concord Control Systems Limited,09/09/2022,https://www.bsesme.com/download/395328/DRHP_Concord_Control_Systems_Ltd_20220909173612.pdf
590,AMANAYA VENTURES LIMITED,06/09/2022,https://www.bsesme.com/download/360115/AMANAYA%20VENTURES%20LIMITED_20220906134928.pdf
591,Silicon Rental Solutions Ltd,01/09/2022,https://www.bsesme.com/download/330049/DP%20-%20Silicon%20Rental%20Solutions%20Ltd._20220901185402.pdf
592,Kedarnath Industries Limited,27/08/2022,https://www.bsesme.com/download/302015/KIL%20DRAFT%20PROSPECTUS_20220826234707.pdf
593,REETECH INTERNATIONAL CARGO AND COURIER LIMITED,21/08/2022,https://www.bsesme.com/download/352490/Draft%20Prospectus_20220821185244.pdf
594,INDONG TEA COMPANY LIMITED,19/08/2022,https://www.bsesme.com/download/370281/DP_Indong_19082022_20220819213034.pdf
595,CONTAINE TECHNOLOGIES LIMITED,04/08/2022,https://www.bsesme.com/download/351272/DP_CTPL_BSE_03082022_20220804124716.pdf
596,Trident Lifeline Limited,02/08/2022,https://www.bsesme.com/download/360407/Draft%20Prospectus%20-%20TTL_20220802180117.pdf
597,STEELMAN TELECOM LTD.,02/08/2022,https://www.bsesme.com/download/306219/DraftProspectus_Steelman_20220802033533.pdf
598,SHANTIDOOT INFRA SERVICES LIMITED,29/07/2022,https://www.bsesme.com/download/318655/Draft%20Prospectus_Shantidoot_Final_20220729015710.pdf
599,Insolation Energy Limited,19/07/2022,https://www.bsesme.com/download/347987/DRHP-Insolation%20Energy%20Limited_20220719181406.pdf
600,DIPNA PHARMACHEM LIMITED,14/07/2022,https://www.bsesme.com/download/377122/Draft%20Prospectus_Dipna_20220714184242.pdf
601,Cargosol Logistics Limited,01/07/2022,https://www.bsesme.com/download/355330/Draft%20Prospectus%20-%20Cargosol_20220701115610.pdf
602,NATURO INDIABULL LIMITED,30/06/2022,https://www.bsesme.com/download/305535/DP_NaturoIndiabull_30062022_20220630233119.pdf
603,Mafia Trends Limited,28/06/2022,https://www.bsesme.com/download/362153/MTL%20-%20Draft%20Prospectus_20220628164928.pdf
604,MAAGH ADVERTISING AND MARKETING SERVICES LIMITED,28/06/2022,https://www.bsesme.com/download/301477/Maagh%20Draft%20Prospectus_20220628120315.pdf
605,Rhetan TMT Limited,15/06/2022,https://www.bsesme.com/download/391303/Draft%20Prospectus_Rhetan%20TMT%20Limited_20220615155921.pdf
606,B-RIGHT REALESTATE LIMITED,15/06/2022,https://www.bsesme.com/download/398903/Draft%20Prospectus_B-Right_20220615051716.pdf
607,HEALTHY LIFE AGRITEC LIMITED,14/06/2022,https://www.bsesme.com/download/366800/DP_Healthy%20Life_14.06.2022_20220614193625.pdf
608,JAYANT INFRATECH LIMITED,07/06/2022,https://www.bsesme.com/download/314756/Draft%20Prospectus_Jayant_20220607205444.pdf
609,SAILANI TOURS N TRAVELS LIMITED,31/05/2022,https://www.bsesme.com/download/329950/Draft%20Prospectus_Sailani_20220531174016.pdf
610,Olatech Solutions Limited,24/05/2022,https://www.bsesme.com/download/359892/Olatech%20Solutions%20Limited%20-%20Draft%20Prospectus_20220524182926.pdf
611,Kesar India Limited,20/05/2022,https://www.bsesme.com/download/326834/Final-Draft%20Prospectus_20220520151858.pdf
612,Modi's Navnirman Limited,05/05/2022,https://www.bsesme.com/download/309524/Modi_Navnirman_Limited_DP_20220506104350.pdf
613,Scarnose International Limited,04/05/2022,https://www.bsesme.com/download/328175/DP_Scarnose_02.05.2022_Final_20220504203643.pdf
614,Veerkrupa Jewellers Limited,29/04/2022,https://www.bsesme.com/download/329878/Veerkrupa_Jewellers_Limited%20(1)_20220429163603.pdf
615,SBS Food Courts Limited,22/04/2022,https://www.bsesme.com/download/392091/Draft%20Prospectus%20-%20SBS%20Food%20Courts%20Limited_20220422160323.pdf
616,Silver Pearl Hospitality & Luxury Spaces Limited,30/03/2022,https://www.bsesme.com/download/313728/Silver%20Pearl%20Hospitality%20Draft%20Prospectus_20220330164318.pdf
617,Pearl Green Clubs and Resorts Limited,25/03/2022,https://www.bsesme.com/download/374163/Draft%20prospectus%20Pearl%20Green_20220325145544.pdf
618,Goel Food Products Limited,23/03/2022,https://www.bsesme.com/download/371436/Draft%20Prospectus_Goel_20220323171927.pdf
619,Fone4 Communications (India) Limited,21/03/2022,https://www.bsesme.com/download/322557/DP_Fone4_Final_21.03.2022_20220321191941.pdf
620,Sunrise Efficient Marketing Limited,11/03/2022,https://www.bsesme.com/download/325285/Sunrise%20DP%2010032022_20220311173314.pdf
621,Virtuoso Optoelectronics Limited,07/03/2022,"https://www.bsesme.com/download/398829/DP%20Virtuoso%20March%2004,%202022_20220307141732.pdf"
622,Global Longlife Hospital and Research Limited,02/03/2022,https://www.bsesme.com/download/302192/Draft%20Prospectus_BSE_20220302183936.pdf
623,Scarnose International Limited,02/03/2022,https://www.bsesme.com/download/328175/DP_Scarnose_280222_Final_20220302134324.pdf
624,Bhatia Colour Chem Limited,25/02/2022,https://www.bsesme.com/download/356519/Final%20Draft%20Prospectus_20220225195650.pdf
625,EVOQ REMEDIES LIMITED,24/02/2022,https://www.bsesme.com/download/360702/Draft%20Prospectus_Evoq._20220224194322.pdf
626,Eighty Jewellers Limited,09/02/2022,https://www.bsesme.com/download/383789/Draft%20Prospectus%20Eighty%20Jewellers%20Ltd_20220209104629.pdf
627,EP Biocomposites Limited,02/02/2022,https://www.bsesme.com/download/367215/EP%20Biocomposites%20Limited-Draft%20Prospectus_20220204134935.pdf
628,Ekennis Software Service Limited,31/01/2022,https://www.bsesme.com/download/362734/Ekennis%20Software%20Service%20Limited%20-%20Draft%20Prospectus_20220131121117.pdf
629,Dhyaani Tile and Marblez Limited,28/01/2022,https://www.bsesme.com/download/390520/Draft%20Prospectus%20-%20DTML%20-%2024.01.2022_20220128162850.pdf
630,Safa Systems & Technologies Limited,04/01/2022,https://www.bsesme.com/download/313792/DP_SAFA_03.01.2022_20220104123355.pdf
631,Alkosign Limited,24/12/2021,https://www.bsesme.com/download/332940/Final%20Draft%20Prospectus_20211224100241.pdf
632,Maruti Interior Products Limited,23/12/2021,https://www.bsesme.com/download/317529/Final%20Draft%20Prospectus_MIPL_%2023.12.2021_20211223190331.pdf
633,Quality RO Industries Limited,23/12/2021,"https://www.bsesme.com/download/330862/Draft%20Prospectus%20-%20Quality%20RO%20Industries%20Limited%20dated%20December%2023,%202021_20211223171315.pdf"
634,Achyut Healthcare Limited,23/12/2021,https://www.bsesme.com/download/399404/Achyut%20-%20Draft%20Prospectus%2023122021_20211223133356.pdf
635,CLARA INDUSTRIES LIMITED,30/11/2021,https://www.bsesme.com/download/325096/Draft%20Prospectus_Clara_20211201133557.pdf
636,Fabino Life Sciences Limited,26/11/2021,https://www.bsesme.com/download/398923/Fabino%20Life%20Sciences%20Limited%20-%20Draft%20Prospectus_20211126171026.pdf
637,DMR HYDROENGINEERING & INFRASTRUCTURES LIMITED,12/10/2021,https://www.bsesme.com/download/365551/Draft%20Prospectus_20211012224345.pdf
638,Omnipotent Industries Limited,30/09/2021,https://www.bsesme.com/download/309663/OILDP_20210930182030.pdf
639,Shashwat Furnishing Solutions Limited,29/09/2021,"https://www.bsesme.com/download/304239/Draft%20Prospectus%20-%20Shashwat%20Furnishing%20Solutions%20Limited%20dated%20September%2029,%202021_20210929172139.pdf"
640,Brandbucket Media & Technology Limited,28/09/2021,https://www.bsesme.com/download/345649/BBDP_20210928151018.pdf
641,Promax Power Ltd,17/09/2021,https://www.bsesme.com/download/388689/DP_Promax_16092021_20210917143043.pdf
642,Suyog Gurbaxani Funicular Ropeways Limited,09/09/2021,https://www.bsesme.com/download/386935/Suyog%20Gurbaxani%20Funicular%20Ropeways%20Limited%20-%20Draft%20Prospectus_20210909134004.pdf
643,Prevest Denpro Limited,04/09/2021,https://www.bsesme.com/download/376741/PrevestDenproLtdDRHP_20210904153036.pdf
644,Avyukta Dairy Products Limited,02/09/2021,https://www.bsesme.com/download/393677/Draft%20Prospectus%20-%20Avyukta%20Dairy%20Products%20Limited_20210902155726.pdf
645,Getalong Enterprise Limited,30/08/2021,https://www.bsesme.com/download/347690/Getalong%20Enterprise%20Limited%20-%20Draft%20Prospectus_20210830225325.pdf
646,Markolines Traffic Controls Limited,30/08/2021,https://www.bsesme.com/download/355461/DraftProspectus29082021_20210831003340.pdf
647,Samor Reality Limited,24/08/2021,https://www.bsesme.com/download/378183/DP_20210824111106.pdf
648,Aashka Hospitals Limited,30/06/2021,https://www.bsesme.com/download/333485/Final%20Prospectus%20Aashka_20210630144858.pdf
649,GRETEX CORPORATE SERVICES LIMITED,14/06/2021,https://www.bsesme.com/download/356010/Gretex%20Corporate%20Services%20Limited%20-%20Draft%20Prospectus_20210614214821.pdf
650,Focus Business Solution Limited,24/05/2021,https://www.bsesme.com/download/329404/DRAFT%20PROSPECTUS-FOCUS%2024.05.2021_20210524180308.pdf
651,Prevest Denpro Limited,05/05/2021,https://www.bsesme.com/download/376741/Draft%20Prospectus%20Prevest%20Denpro%20Ltd_20210505184555.pdf
652,Nanavati Ventures Limited,17/04/2021,https://www.bsesme.com/download/329648/Nanavati%20Ventures%20Limited%20Draft%20Prospectus_20210417164514.pdf
653,Getalong Enterprise Limited,15/04/2021,https://www.bsesme.com/download/347690/Getalong%20Enterprise%20Limited%20-%20Draft%20Prospectus_20210415202159.pdf
654,Visaman Global Sales Limited,06/04/2021,https://www.bsesme.com/download/394548/DRHP_Visaman_06042021_Final_20210406201241.pdf
655,Adeshwar Meditex Limited,30/03/2021,https://www.bsesme.com/download/374911/AML%20Draft%20prospectus_20210330190702.pdf
656,Shri Venkatesh Refineries Limited,26/03/2021,https://www.bsesme.com/download/373676/Draft%20Prospectus%20-%20SVRL_20210326111513.pdf
657,SBL Infratech Limited,13/03/2021,https://www.bsesme.com/download/360755/SBL%20Infratech%20-%20Draft%20Prospectus-06.07.2021_20210728132106.pdf
658,JETMALL SPICES AND MASALA LIMITED,06/02/2021,https://www.bsesme.com/download/331402/Jetmall_DP_Final_05%20.02.2021_20210206142321.pdf
659,Rangoli Tradecomm Ltd,28/01/2021,https://www.bsesme.com/download/363607/DP%20RANGOLI_20210128123455.pdf
660,Times Green Energy (India) Limited,30/12/2020,https://www.bsesme.com/download/380086/Times%20Green%20Energy%20(India)%20Limited_20201230160838.pdf
661,EKI Energy Services Limited,19/12/2020,https://www.bsesme.com/download/363828/EKI-DRHP-10.03.2021_20210316190433.pdf
662,Times Green Energy (India) Limited,10/11/2020,https://www.bsesme.com/download/380086/TGEIL_Draft%20Prospectus_BSE_20201110185713.pdf
663,MRP Agro Limited,10/11/2020,"https://www.bsesme.com/download/349311/Draft%20Prospectus%20-%20MRP%20Agro%20Limited%20dated%20November%2010,%202020_20201110185156.pdf"
664,Knowledge Marine & Engineering Works Limited,05/11/2020,https://www.bsesme.com/download/377016/Draft%20Prospectus%20KMEW_20201105180859.pdf
665,AA Plus Tradelink Limited,28/09/2020,https://www.bsesme.com/download/384005/AA%20Plus%20Tradelink%20Limited%20-%20Draft%20Prospectus_20200928153434.pdf
666,Navoday Enterprises Limited,25/09/2020,https://www.bsesme.com/download/383521/Navoday%20Enterprises%20Limited%20-%20Draft%20Prospectus_20200925145350.pdf
667,Rajeshwari Cans Limited,23/09/2020,https://www.bsesme.com/download/306850/Draft%20Prospectus%20Rajeshwari%20Cans%20Limited_20200923185801.pdf
668,G M Polyplast Limited,18/09/2020,https://www.bsesme.com/download/318132/Draft%20Prospectus_GM_18092020_20200918211901.pdf
669,Adishakti Loha and Ispat Limited.,18/09/2020,"https://www.bsesme.com/download/338164/ADISHAKTI%20LOHA%20AND%20ISPAT%20LIMITED%20-%20DRAFT%20PROSPECTUS%20-%20SEPTEMBER%2018,%202020_20200918163456.pdf"
670,PlatinumOne Business Services Limited,15/09/2020,https://www.bsesme.com/download/383391/Draft%20Prospectus_PlatinumOne_20200915160136.pdf
671,Secmark Consultancy Limited,28/08/2020,https://www.bsesme.com/download/329963/Draft%20Prospectus_SecMark_20200831184149.pdf
672,Veer Global Infraconstruction Limited,18/08/2020,https://www.bsesme.com/download/347401/VGIL-Draft%20Prospectus_20200818160514.pdf
673,Atam Valves Limited,29/06/2020,https://www.bsesme.com/download/338453/AVL%20DP%2027062020_20200629132153.pdf
674,Shine Fashions (India) Limited,23/06/2020,https://www.bsesme.com/download/360052/DRHP_23_06_2020_20200623094311.pdf
675,Advait Infratech Limited,05/06/2020,https://www.bsesme.com/download/320891/Draft%20Prospectus-%20Advait%20Infratech%20Limited_20200605131556.pdf
676,Billwin Industries Limited,24/04/2020,https://www.bsesme.com/download/313030/DP22042020_20200424173839.pdf
677,DJ Mediaprint & Logistics Limited,06/03/2020,https://www.bsesme.com/download/347417/DP_DJ%20Media_Final_06032020_20200306181254.pdf
678,Cospower Engineering Limited,21/02/2020,https://www.bsesme.com/download/378255/CEL%20DRHP_20200221191120.pdf
679,Suratwwala Business Group Limited,10/02/2020,https://www.bsesme.com/download/353686/DP_SBGL_20200210153931.pdf
680,SM Auto Stamping Limited,01/01/2020,https://www.bsesme.com/download/333034/Draft%20Prospectus%20SM%20Auto_20200101125826.pdf
681,RO Jewels Limited,24/12/2019,https://www.bsesme.com/download/324530/RO%20JEWELS%20LIMITED_DRAFT%20PROSPECTUS_20191224190259.pdf
682,Chandra Bhagat Pharma Limited,16/12/2019,https://www.bsesme.com/download/391157/DRHP_16122019_20191216163627.pdf
683,ICL Organic Dairy Products Ltd,13/12/2019,https://www.bsesme.com/download/343434/IPO/DRHP_ICL%20Organic_13122019_Final_20191213162709.pdf
684,Bonlon Industries Limited,19/10/2019,https://www.bsesme.com/download/392082/IPO/Draft%20ProspectusBonlon%20IndustriesLimited_20191019204257.pdf
685,Rainbow Crop Health Limited,30/09/2019,https://www.bsesme.com/download/309969/IPO/DPRainbow_20190930195132.pdf
686,Green Farm Bio-Gen  Limited,30/09/2019,https://www.bsesme.com/download/395897/IPO/2.DP_GFBGL_30092019_20190930134803.pdf
687,Anuroop Packaging Limited,19/09/2019,https://www.bsesme.com/download/345494/IPO/Draft%20Prospectus_17.09.2019_20190919150323.pdf
688,Gensol Engineering Limited,13/09/2019,https://www.bsesme.com/download/330851/IPO/DRHP%20-%20Gensol%20Engineering%20Limited%20-%20Secured_20190916170952.pdf
689,Suyog Gurbaxani Funicular Ropeways Limited,06/09/2019,https://www.bsesme.com/download/386935/IPO/Draft%20Prospectus%20-%20Suyog%20Gurbaxani%20Funicular%20Ropeways%20Limited_20190906182657.pdf
690,Misquita Engineering Limited,08/08/2019,https://www.bsesme.com/download/369283/IPO/Draft%20Prospectus_Final_20190808175646.pdf
691,Novateor Research Laboratories Limited,29/07/2019,https://www.bsesme.com/download/339850/IPO/Novateor%20Research%20Laboratories%20Limited_20190729160753.pdf
692,Galactico Corporate Services Limited,19/07/2019,https://www.bsesme.com/download/361314/IPO/Draft%20Prospectus%20-%20Galactico%20Corporate%20Services%20Limited_20190719175850.pdf
693,Goblin India Limited,16/07/2019,https://www.bsesme.com/download/321629/IPO/GOBLIN%20INDIA%20LIMITED_DRHP_20190716175430.pdf
694,Gian Life Care Limited,05/07/2019,https://www.bsesme.com/download/333409/IPO/DP%20Gian%20lifecare_05.07.2019_20190705172839.pdf
695,Tutorials Point (India) Limited,02/07/2019,https://www.bsesme.com/download/386765/IPO/DRHP_Compressed_20190702105509.pdf
696,Jiya Eco India Limited,28/06/2019,https://www.bsesme.com/download/349568/IPO/DP%20JEIL_20190628162909.pdf
697,Ramsons Food Products Limited,25/06/2019,https://www.bsesme.com/download/352127/IPO/Final%20DP%20-%20Ramsons_20190625183621.pdf
698,Greens Food Crafts India Limited,17/06/2019,https://www.bsesme.com/download/399581/IPO/DRHP_Greens_14.06.2019_20190617124544.pdf
699,Meera Industries Ltd,20/05/2019,https://www.bsesme.com/download/11478/IPO/Draft%20Prospectus_Meera%20Industries%20Limited-20.05.2019%20-%20FPO_20190520121608.pdf
700,Party Cruisers Limited,15/05/2019,https://www.bsesme.com/download/367399/IPO/DRHP%20Party%20Cruisers%20Ltd_FOCL%20Version%2015%20May%202019_20190515201732.pdf
701,Rajat City Developers Limited,07/05/2019,https://www.bsesme.com/download/364642/IPO/Rajat%20City%20Developers%20Limited-%20Draft%20Prospectus_20190507184806.pdf
702,SBC Exports Limited,24/04/2019,https://www.bsesme.com/download/352200/IPO/Draft%20Prospectus%20SBC%20Exports%20Limited_20190424135110.pdf
703,City Pulse Multiplex Limited,22/04/2019,https://www.bsesme.com/download/391814/IPO/CPML_Draft%20Prospectus_20190422131948.pdf
704,Parshva Enterprises Limited,18/04/2019,https://www.bsesme.com/download/354253/IPO/Parshva%20Enterprises%20Draft%20Prospectus_20190418150959.pdf
705,Earum Pharmaceuticals Limited,10/04/2019,https://www.bsesme.com/download/385351/IPO/EPL_Draft%20Prospectus_09.04.2019_20190410115828.pdf
706,Gensol Engineering Limited,29/03/2019,https://www.bsesme.com/download/330851/IPO/DRHP_Gensol%20Engineering%20Limited_Secured_20190401102802.pdf
707,Mangalam Alloys Limited,29/03/2019,https://www.bsesme.com/download/330175/IPO/Draft%20Prospectus%20-%20Mangalam%20Alloys%20Limited_20190329165635.pdf
708,White Organic Retail Limited,28/03/2019,https://www.bsesme.com/download/345397/IPO/DRHP_White%20Organic_28.03.2019_Final_20190328132452.pdf
709,Suich Industries Limited,27/03/2019,https://www.bsesme.com/download/321613/IPO/Draft%20Red%20Herring%20Prospectus%20Suich%20Industries%20Limited_20190328111938.pdf
710,Evans Electric Limited,18/03/2019,https://www.bsesme.com/download/375421/IPO/Evans%20Electric%20Draft%20Prospectus_20190318101930.pdf
711,Artemis Electricals Limited,15/03/2019,https://www.bsesme.com/download/344704/IPO/Artemis%20Electricals%20Limited%20-%20DRHP_20190315142013.pdf
712,V R FILMS & STUDIOS LIMITED,15/03/2019,https://www.bsesme.com/download/360350/IPO/V%20R%20films%20&amp;%20Studios%20Ltd_SME%20IPO_20190315112544.pdf
713,Kaneri Agro Industries Limited,14/03/2019,https://www.bsesme.com/download/306517/IPO/2_DRHP_14032019_KAIL_20190314194452.pdf
714,SK International Export Limited,08/03/2019,https://www.bsesme.com/download/327151/IPO/DP_SKIEL_20190308163542.pdf
715,Jinaam’s Dress Limited,08/03/2019,https://www.bsesme.com/download/314783/IPO/Jinaam%20Dress%20Ltd-Draft%20Prospectus_20190308064738.pdf
716,Pentech Metals Limited,07/03/2019,https://www.bsesme.com/download/377145/IPO/Draft%20Prospectus_Pentech_20190307123033.pdf
717,Artemis Electricals Limited,06/03/2019,https://www.bsesme.com/download/344704/IPO/Artemis%20Electricals%20Limited%20-%20DRHP_20190306110020.pdf
718,Cian Healthcare Limited,05/03/2019,https://www.bsesme.com/download/360412/IPO/DRHP%20Cian%20final_20190305131103.pdf
719,G. K. P. Printing & Packaging Limited,28/02/2019,https://www.bsesme.com/download/364660/IPO/GKP%20DP%20Final%20_20190228163017.pdf
720,Anand Rayons Limited,25/02/2019,https://www.bsesme.com/download/399456/IPO/Anand%20Rayons%20Limited%20Draft%20Prospectus_20190225121416.pdf
721,Pentech Metals Limited,20/02/2019,https://www.bsesme.com/download/377145/IPO/Draft%20Prospectus_Pentech_20190221105253.pdf
722,Roopshri Resorts Limited,19/02/2019,https://www.bsesme.com/download/354130/IPO/Draft%20Prospectus%20-%20Roopshri%20Resort%20Limited_20190219184400.pdf
723,Mahip Industries Ltd,16/02/2019,https://www.bsesme.com/download/379020/IPO/DRHP_Mahip_15.02.2019_20190216175132.pdf
724,Ashapuri Gold Ornament Limited,07/02/2019,https://www.bsesme.com/download/380784/IPO/Ashapuri%20Gold%20Ornament%20Limited_20190207163559.pdf
725,Welpar Pharmbizz Limited,01/02/2019,https://www.bsesme.com/download/329202/IPO/DRHP_Welpar_SME%20IPO_20190201171417.pdf
726,Kuberan Global Edu Solutions Limited,01/02/2019,https://www.bsesme.com/download/332754/IPO/Draft%20Prospectus%20-%20Kuberan_20190201123716.pdf
727,Northern Spirits Ltd,28/01/2019,https://www.bsesme.com/download/339712/IPO/DRHP_20190128120659.pdf
728,Humming Bird Education Limited,25/01/2019,https://www.bsesme.com/download/369822/IPO/Draft%20Prospectus-HBEL%20Final_20190125175633.pdf
729,Tutorials Point (India) Limited,18/01/2019,https://www.bsesme.com/download/386765/IPO/Draft%20Prospectus_20190118133010.pdf
730,Gleam Fabmat Limited,10/01/2019,https://www.bsesme.com/download/384510/IPO/Draft%20Prospectus-Final-_20190110111648.pdf
731,Ritco Logistics Limited,28/12/2018,https://www.bsesme.com/download/376744/IPO/DRHP%20-%20Ritco%20Logistics%20Limited_20181231174824.pdf
732,Anmol India Limited,19/12/2018,https://www.bsesme.com/download/360181/IPO/Final%20DRHP-Anmol_20181219172043.pdf
733,Kranti Industries Limited,17/12/2018,https://www.bsesme.com/download/344720/IPO/Kranti%20Industries%20Limited-Draft%20Prospectus_20181217170905.pdf
734,Axiom consulting limited,17/12/2018,https://www.bsesme.com/download/319862/IPO/Project%20Nectar%20Draft%20Prospectus%20final_20181217121904.pdf
