Company Name,City,Industry Segment,Website,Revenue Band,Differentiation Evidence,Promoter/Decision-Maker,Growth Signals,Tailwinds,Source,CIN,Industry Segment (raw),Evidence Tags Normalized,C1_Manufacturer,C1_Notes,C2_India_Based,C2_Notes,C3_Differentiation,C3_Notes,C4_Technical_DM,C4_Notes,C5_Tailwinds,C5_Notes,C6_Growth_Signals,C6_Notes,ICP_Criteria_Met_Count,ICP_Coverage_Score,ICP_Weighted_Score,_dedupe_group_size,LLM_C1,LLM_C2,LLM_C3,LLM_C4,LLM_C5,LLM_C6,LLM_Note,Blended_C1,Blended_C2,Blended_C3,Blended_C4,Blended_C5,Blended_C6,ICP_Blended_Weighted_Score,LLM_Blend_Alpha,LLM_Model
Abram Food Limited,Central Processing Centre,Manufacturing / Industrial,www.abramfood.in; www.corporatemakers.in; www.kfintech.com; www.kherliwala.com,Extract from restated financials in DRHP (pattern not matched).,no_structured_differentiation_tag,DRHP: Mr. Sanjiva Gaur OUR; Mr. Pawan Mahur; Mr. Rohit Pareek SEBI Registration Number; Mr. M. Murali Krishna SEBI Registration Number; Mr. Sanjay Jain,No explicit expansion/hiring/certification keywords in sampled pages — check MD&A / risk factors in full DRHP.,bse_sme_ipo_drhp_pipeline|make_in_india_manufacturing|capacity_expansion_tailwind|workforce_scaling_signal,drhp_companies_specified_format.csv+final_merged_dsir_promoters.csv,U15122DL2009PLC187783,"Our Company is engaged in the business of manufacturing, marketing and selling of Chana, Chana Dal, Besan, Edible Oil, Spices and fl",no_structured_differentiation_tag|bse_sme_ipo_drhp_pipeline|make_in_india_manufacturing|capacity_expansion_tailwind|workforce_scaling_signal|no_explicit_expansion|hiring|certification_keywords_in_sampled_pages_—_check_md&a|risk_factors_in_full_drhp,1,manufacturer_or_industrial_segment,0,weak_location_signal,0,no_differentiation_evidence,1,named_individuals_in_promoter_field,1,sector_or_macro_tailwind_tags,1,growth_or_ipo_signal_in_text,4,67,70.0,2,0,0,0,0,0,0,rules_only_no_llm_balance,5.0,0.0,0.0,5.0,5.0,5.0,70.0,0.0,rules_only
Bedi Steels Limited,"G.T. Road, Doraha, Ludhiana - 141421, Punjab, India. NA Mr. Dishant Khanna Company Secretary and Compliance Officer Email: cs@bedisteelsltd.com Tel.: +91-9115700625 www.bedisteelsltd.com",unspecified_see_drhp,www.bedisteelsltd.com; www.bigshareonline.com; www.khambattasecurities.com,₹2 Cr (stated),iso_certification_mention|rnd_mention,DRHP: Mr. Dishant Khanna Company Secretary; Mr. Chandan Mishra Email; Mr. Vinayak Morbale Email; Mr. Abhishek Sehgal. Company Secretary; Mr. Dishant Khanna. Corporate Identification Number; Mr. Prayank Gupta. MOA; Mr. Prayank Gupta; Mr. Mahesh Gupta; Mrs. Khushboo Gupta; Mrs. Sarita Gupta,capex / capital expenditure; ISO certification mentioned; forward integration,bse_sme_ipo_drhp_pipeline|capacity_expansion_tailwind,drhp_companies_specified_format.csv+final_merged_dsir_promoters.csv,U27106PB1990PLC010665,See DRHP ‘Industry / Business overview’ section.,iso_certification_mention|rnd_mention|bse_sme_ipo_drhp_pipeline|capacity_expansion_tailwind|capex|capital_expenditure|iso_certification_mentioned|forward_integration,0,not_classified_manufacturer,1,india_location_signal,1,cert_or_patent_evidence,1,named_individuals_in_promoter_field,1,sector_or_macro_tailwind_tags,1,growth_or_ipo_signal_in_text,5,83,80.0,2,0,0,0,0,0,0,rules_only_no_llm_balance,0.0,5.0,5.0,5.0,5.0,5.0,80.0,0.0,rules_only
BioLife Sciences Ltd,Hyderabad,Manufacturing / Industrial,biolifesciences.com,₹100–180 Cr,dsir_directory_match,,IPO filed Mar 2026,bse_sme_ipo_drhp_pipeline|make_in_india_manufacturing|capital_markets_ipo_activity,data_with_dsir_recognition.csv+final_merged_dsir_promoters.csv,,Specialty Manufacturing (Biotech/Pharma),dsir_directory_match|bse_sme_ipo_drhp_pipeline|make_in_india_manufacturing|capital_markets_ipo_activity|ipo_filed_mar_2026,1,manufacturer_or_industrial_segment,1,india_location_signal,1,dsir_directory_evidence,0,no_promoter_extract,1,sector_or_macro_tailwind_tags,1,growth_or_ipo_signal_in_text,5,83,85.0,5,0,0,0,0,0,0,rules_only_no_llm_balance,5.0,5.0,5.0,0.0,5.0,5.0,85.0,0.0,rules_only
ChemAxis Ltd,Gujarat,Manufacturing / Industrial,chemaxis.com,₹70–120 Cr,no_structured_differentiation_tag,,IPO filed Sep 2025,bse_sme_ipo_drhp_pipeline|make_in_india_manufacturing|capital_markets_ipo_activity,data_with_dsir_recognition.csv+final_merged_dsir_promoters.csv,,Specialty Manufacturing (Chemicals/Advanced),no_structured_differentiation_tag|bse_sme_ipo_drhp_pipeline|make_in_india_manufacturing|capital_markets_ipo_activity|ipo_filed_sep_2025,1,manufacturer_or_industrial_segment,1,india_location_signal,0,no_differentiation_evidence,0,no_promoter_extract,1,sector_or_macro_tailwind_tags,1,growth_or_ipo_signal_in_text,4,67,65.0,12,0,0,0,0,0,0,rules_only_no_llm_balance,5.0,5.0,0.0,0.0,5.0,5.0,65.0,0.0,rules_only
ChemAxis Specialty Ltd,Gujarat,Manufacturing / Industrial,chemaxisspecialty.com,₹70–120 Cr,no_structured_differentiation_tag,,IPO filed Sep 2025,bse_sme_ipo_drhp_pipeline|make_in_india_manufacturing|capital_markets_ipo_activity,data_with_dsir_recognition.csv+final_merged_dsir_promoters.csv,,Specialty Manufacturing (Chemicals/Advanced),no_structured_differentiation_tag|bse_sme_ipo_drhp_pipeline|make_in_india_manufacturing|capital_markets_ipo_activity|ipo_filed_sep_2025,1,manufacturer_or_industrial_segment,1,india_location_signal,0,no_differentiation_evidence,0,no_promoter_extract,1,sector_or_macro_tailwind_tags,1,growth_or_ipo_signal_in_text,4,67,65.0,4,0,0,0,0,0,0,rules_only_no_llm_balance,5.0,5.0,0.0,0.0,5.0,5.0,65.0,0.0,rules_only
Chemcrest Advanced Ltd,Gujarat,Manufacturing / Industrial,chemcrestadv.com,₹70–120 Cr,no_structured_differentiation_tag,,IPO filed Sep 2025,bse_sme_ipo_drhp_pipeline|make_in_india_manufacturing|capital_markets_ipo_activity,data_with_dsir_recognition.csv+final_merged_dsir_promoters.csv,,Specialty Manufacturing (Chemicals/Advanced Polymers),no_structured_differentiation_tag|bse_sme_ipo_drhp_pipeline|make_in_india_manufacturing|capital_markets_ipo_activity|ipo_filed_sep_2025,1,manufacturer_or_industrial_segment,1,india_location_signal,0,no_differentiation_evidence,0,no_promoter_extract,1,sector_or_macro_tailwind_tags,1,growth_or_ipo_signal_in_text,4,67,65.0,9,0,0,0,0,0,0,rules_only_no_llm_balance,5.0,5.0,0.0,0.0,5.0,5.0,65.0,0.0,rules_only
Chemcrest Polymers Ltd,Gujarat,Manufacturing / Industrial,chemcrestpolymers.com,₹70–120 Cr,no_structured_differentiation_tag,,IPO filed Sep 2025,bse_sme_ipo_drhp_pipeline|make_in_india_manufacturing|capital_markets_ipo_activity,data_with_dsir_recognition.csv+final_merged_dsir_promoters.csv,,Specialty Manufacturing (Advanced Polymers),no_structured_differentiation_tag|bse_sme_ipo_drhp_pipeline|make_in_india_manufacturing|capital_markets_ipo_activity|ipo_filed_sep_2025,1,manufacturer_or_industrial_segment,1,india_location_signal,0,no_differentiation_evidence,0,no_promoter_extract,1,sector_or_macro_tailwind_tags,1,growth_or_ipo_signal_in_text,4,67,65.0,4,0,0,0,0,0,0,rules_only_no_llm_balance,5.0,5.0,0.0,0.0,5.0,5.0,65.0,0.0,rules_only
ChemEdge Global Ltd,Gujarat,Manufacturing / Industrial,chemedgeglobal.com,₹70–120 Cr,no_structured_differentiation_tag,,IPO filed Nov 2025,bse_sme_ipo_drhp_pipeline|make_in_india_manufacturing|capital_markets_ipo_activity,data_with_dsir_recognition.csv+final_merged_dsir_promoters.csv,,Specialty Manufacturing (Chemicals/Specialty),no_structured_differentiation_tag|bse_sme_ipo_drhp_pipeline|make_in_india_manufacturing|capital_markets_ipo_activity|ipo_filed_nov_2025,1,manufacturer_or_industrial_segment,1,india_location_signal,0,no_differentiation_evidence,0,no_promoter_extract,1,sector_or_macro_tailwind_tags,1,growth_or_ipo_signal_in_text,4,67,65.0,2,0,0,0,0,0,0,rules_only_no_llm_balance,5.0,5.0,0.0,0.0,5.0,5.0,65.0,0.0,rules_only
ChemEdge Industries Ltd,Gujarat,Manufacturing / Industrial,chemedge.com,₹70–120 Cr,no_structured_differentiation_tag,,IPO filed Sep 2025,bse_sme_ipo_drhp_pipeline|make_in_india_manufacturing|capital_markets_ipo_activity,data_with_dsir_recognition.csv+final_merged_dsir_promoters.csv,,Specialty Manufacturing (Chemicals/Advanced),no_structured_differentiation_tag|bse_sme_ipo_drhp_pipeline|make_in_india_manufacturing|capital_markets_ipo_activity|ipo_filed_sep_2025,1,manufacturer_or_industrial_segment,1,india_location_signal,0,no_differentiation_evidence,0,no_promoter_extract,1,sector_or_macro_tailwind_tags,1,growth_or_ipo_signal_in_text,4,67,65.0,5,0,0,0,0,0,0,rules_only_no_llm_balance,5.0,5.0,0.0,0.0,5.0,5.0,65.0,0.0,rules_only
ChemEdge Specialty Ltd,Gujarat,Manufacturing / Industrial,chemedgespecialty.com,₹70–120 Cr,no_structured_differentiation_tag,,IPO filed Nov 2025,bse_sme_ipo_drhp_pipeline|make_in_india_manufacturing|capital_markets_ipo_activity,data_with_dsir_recognition.csv+final_merged_dsir_promoters.csv,,Specialty Manufacturing (Chemicals/Specialty),no_structured_differentiation_tag|bse_sme_ipo_drhp_pipeline|make_in_india_manufacturing|capital_markets_ipo_activity|ipo_filed_nov_2025,1,manufacturer_or_industrial_segment,1,india_location_signal,0,no_differentiation_evidence,0,no_promoter_extract,1,sector_or_macro_tailwind_tags,1,growth_or_ipo_signal_in_text,4,67,65.0,11,0,0,0,0,0,0,rules_only_no_llm_balance,5.0,5.0,0.0,0.0,5.0,5.0,65.0,0.0,rules_only
Chemisphere Inorganics Ltd,Gujarat,Manufacturing / Industrial,chemisphereinorganics.com,₹60–100 Cr,no_structured_differentiation_tag,,IPO filed Sep 2025,bse_sme_ipo_drhp_pipeline|make_in_india_manufacturing|capital_markets_ipo_activity,data_with_dsir_recognition.csv+final_merged_dsir_promoters.csv,,Specialty Manufacturing (Chemicals/Inorganics),no_structured_differentiation_tag|bse_sme_ipo_drhp_pipeline|make_in_india_manufacturing|capital_markets_ipo_activity|ipo_filed_sep_2025,1,manufacturer_or_industrial_segment,1,india_location_signal,0,no_differentiation_evidence,0,no_promoter_extract,1,sector_or_macro_tailwind_tags,1,growth_or_ipo_signal_in_text,4,67,65.0,4,0,0,0,0,0,0,rules_only_no_llm_balance,5.0,5.0,0.0,0.0,5.0,5.0,65.0,0.0,rules_only
Chemline Global Ltd,Gujarat,Manufacturing / Industrial,chemlineglobal.com,₹70–120 Cr,no_structured_differentiation_tag,,IPO filed Sep 2025,bse_sme_ipo_drhp_pipeline|make_in_india_manufacturing|capital_markets_ipo_activity,data_with_dsir_recognition.csv+final_merged_dsir_promoters.csv,,Specialty Manufacturing (Chemicals/Specialty),no_structured_differentiation_tag|bse_sme_ipo_drhp_pipeline|make_in_india_manufacturing|capital_markets_ipo_activity|ipo_filed_sep_2025,1,manufacturer_or_industrial_segment,1,india_location_signal,0,no_differentiation_evidence,0,no_promoter_extract,1,sector_or_macro_tailwind_tags,1,growth_or_ipo_signal_in_text,4,67,65.0,22,0,0,0,0,0,0,rules_only_no_llm_balance,5.0,5.0,0.0,0.0,5.0,5.0,65.0,0.0,rules_only
Chemline Inorganics Ltd,Gujarat,Manufacturing / Industrial,chemlineinorganics.com,₹60–100 Cr,no_structured_differentiation_tag,,IPO filed Sep 2025,bse_sme_ipo_drhp_pipeline|make_in_india_manufacturing|capital_markets_ipo_activity,data_with_dsir_recognition.csv+final_merged_dsir_promoters.csv,,Specialty Manufacturing (Chemicals/Inorganics),no_structured_differentiation_tag|bse_sme_ipo_drhp_pipeline|make_in_india_manufacturing|capital_markets_ipo_activity|ipo_filed_sep_2025,1,manufacturer_or_industrial_segment,1,india_location_signal,0,no_differentiation_evidence,0,no_promoter_extract,1,sector_or_macro_tailwind_tags,1,growth_or_ipo_signal_in_text,4,67,65.0,2,0,0,0,0,0,0,rules_only_no_llm_balance,5.0,5.0,0.0,0.0,5.0,5.0,65.0,0.0,rules_only
Chemline Specialty Ltd,Gujarat,Manufacturing / Industrial,chemlineadv.com,₹70–120 Cr,no_structured_differentiation_tag,,IPO filed Sep 2025,bse_sme_ipo_drhp_pipeline|make_in_india_manufacturing|capital_markets_ipo_activity,data_with_dsir_recognition.csv+final_merged_dsir_promoters.csv,,Specialty Manufacturing (Chemicals/Specialty),no_structured_differentiation_tag|bse_sme_ipo_drhp_pipeline|make_in_india_manufacturing|capital_markets_ipo_activity|ipo_filed_sep_2025,1,manufacturer_or_industrial_segment,1,india_location_signal,0,no_differentiation_evidence,0,no_promoter_extract,1,sector_or_macro_tailwind_tags,1,growth_or_ipo_signal_in_text,4,67,65.0,23,0,0,0,0,0,0,rules_only_no_llm_balance,5.0,5.0,0.0,0.0,5.0,5.0,65.0,0.0,rules_only
Chemnova Specialty Ltd,Gujarat,Manufacturing / Industrial,chemnova.com,₹70–120 Cr,no_structured_differentiation_tag,,IPO filed Nov 2025,bse_sme_ipo_drhp_pipeline|make_in_india_manufacturing|capital_markets_ipo_activity,data_with_dsir_recognition.csv+final_merged_dsir_promoters.csv,,Specialty Manufacturing (Chemicals/Specialty),no_structured_differentiation_tag|bse_sme_ipo_drhp_pipeline|make_in_india_manufacturing|capital_markets_ipo_activity|ipo_filed_nov_2025,1,manufacturer_or_industrial_segment,1,india_location_signal,0,no_differentiation_evidence,0,no_promoter_extract,1,sector_or_macro_tailwind_tags,1,growth_or_ipo_signal_in_text,4,67,65.0,4,0,0,0,0,0,0,rules_only_no_llm_balance,5.0,5.0,0.0,0.0,5.0,5.0,65.0,0.0,rules_only
ChemPro Advanced Ltd,Gujarat,Manufacturing / Industrial,chemproadv.com,₹70–120 Cr,no_structured_differentiation_tag,,IPO filed Sep 2025,bse_sme_ipo_drhp_pipeline|make_in_india_manufacturing|capital_markets_ipo_activity,data_with_dsir_recognition.csv+final_merged_dsir_promoters.csv,,Specialty Manufacturing (Chemicals/Advanced),no_structured_differentiation_tag|bse_sme_ipo_drhp_pipeline|make_in_india_manufacturing|capital_markets_ipo_activity|ipo_filed_sep_2025,1,manufacturer_or_industrial_segment,1,india_location_signal,0,no_differentiation_evidence,0,no_promoter_extract,1,sector_or_macro_tailwind_tags,1,growth_or_ipo_signal_in_text,4,67,65.0,22,0,0,0,0,0,0,rules_only_no_llm_balance,5.0,5.0,0.0,0.0,5.0,5.0,65.0,0.0,rules_only
ChemPro Global Ltd,Gujarat,Manufacturing / Industrial,chemproglobal.com,₹70–120 Cr,no_structured_differentiation_tag,,IPO filed Sep 2025,bse_sme_ipo_drhp_pipeline|make_in_india_manufacturing|capital_markets_ipo_activity,data_with_dsir_recognition.csv+final_merged_dsir_promoters.csv,,Specialty Manufacturing (Chemicals/Advanced),no_structured_differentiation_tag|bse_sme_ipo_drhp_pipeline|make_in_india_manufacturing|capital_markets_ipo_activity|ipo_filed_sep_2025,1,manufacturer_or_industrial_segment,1,india_location_signal,0,no_differentiation_evidence,0,no_promoter_extract,1,sector_or_macro_tailwind_tags,1,growth_or_ipo_signal_in_text,4,67,65.0,23,0,0,0,0,0,0,rules_only_no_llm_balance,5.0,5.0,0.0,0.0,5.0,5.0,65.0,0.0,rules_only
ChemPro Specialty Ltd,Gujarat,Manufacturing / Industrial,chemprospecialty.com,₹70–120 Cr,no_structured_differentiation_tag,,IPO filed Sep 2025,bse_sme_ipo_drhp_pipeline|make_in_india_manufacturing|capital_markets_ipo_activity,data_with_dsir_recognition.csv+final_merged_dsir_promoters.csv,,Specialty Manufacturing (Chemicals/Advanced),no_structured_differentiation_tag|bse_sme_ipo_drhp_pipeline|make_in_india_manufacturing|capital_markets_ipo_activity|ipo_filed_sep_2025,1,manufacturer_or_industrial_segment,1,india_location_signal,0,no_differentiation_evidence,0,no_promoter_extract,1,sector_or_macro_tailwind_tags,1,growth_or_ipo_signal_in_text,4,67,65.0,2,0,0,0,0,0,0,rules_only_no_llm_balance,5.0,5.0,0.0,0.0,5.0,5.0,65.0,0.0,rules_only
ChemPure Advanced Ltd,Gujarat,Manufacturing / Industrial,chempureadv.com,₹70–120 Cr,no_structured_differentiation_tag,,IPO filed Sep 2025,bse_sme_ipo_drhp_pipeline|make_in_india_manufacturing|capital_markets_ipo_activity,data_with_dsir_recognition.csv+final_merged_dsir_promoters.csv,,Specialty Manufacturing (Chemicals/Advanced),no_structured_differentiation_tag|bse_sme_ipo_drhp_pipeline|make_in_india_manufacturing|capital_markets_ipo_activity|ipo_filed_sep_2025,1,manufacturer_or_industrial_segment,1,india_location_signal,0,no_differentiation_evidence,0,no_promoter_extract,1,sector_or_macro_tailwind_tags,1,growth_or_ipo_signal_in_text,4,67,65.0,23,0,0,0,0,0,0,rules_only_no_llm_balance,5.0,5.0,0.0,0.0,5.0,5.0,65.0,0.0,rules_only
ChemPure Global Ltd,Gujarat,Manufacturing / Industrial,chempureglobal.com,₹70–120 Cr,no_structured_differentiation_tag,,IPO filed Sep 2025,bse_sme_ipo_drhp_pipeline|make_in_india_manufacturing|capital_markets_ipo_activity,data_with_dsir_recognition.csv+final_merged_dsir_promoters.csv,,Specialty Manufacturing (Chemicals/Advanced),no_structured_differentiation_tag|bse_sme_ipo_drhp_pipeline|make_in_india_manufacturing|capital_markets_ipo_activity|ipo_filed_sep_2025,1,manufacturer_or_industrial_segment,1,india_location_signal,0,no_differentiation_evidence,0,no_promoter_extract,1,sector_or_macro_tailwind_tags,1,growth_or_ipo_signal_in_text,4,67,65.0,24,0,0,0,0,0,0,rules_only_no_llm_balance,5.0,5.0,0.0,0.0,5.0,5.0,65.0,0.0,rules_only
Clay Craft India Ltd,Jaipur,Manufacturing / Industrial,claycraftindia.com,₹80–150 Cr,no_structured_differentiation_tag,,IPO filed Sep 2025,bse_sme_ipo_drhp_pipeline|make_in_india_manufacturing|capital_markets_ipo_activity,data_with_dsir_recognition.csv+final_merged_dsir_promoters.csv,,Specialty Manufacturing (Ceramics),no_structured_differentiation_tag|bse_sme_ipo_drhp_pipeline|make_in_india_manufacturing|capital_markets_ipo_activity|ipo_filed_sep_2025,1,manufacturer_or_industrial_segment,1,india_location_signal,0,no_differentiation_evidence,0,no_promoter_extract,1,sector_or_macro_tailwind_tags,1,growth_or_ipo_signal_in_text,4,67,65.0,3,0,0,0,0,0,0,rules_only_no_llm_balance,5.0,5.0,0.0,0.0,5.0,5.0,65.0,0.0,rules_only
Coreintegra Consulting Services Ltd,Mumbai,Manufacturing / Industrial,coreintegra.com,₹30–60 Cr,no_structured_differentiation_tag,,IPO filed Sep 2025,bse_sme_ipo_drhp_pipeline|make_in_india_manufacturing|capital_markets_ipo_activity,data_with_dsir_recognition.csv+final_merged_dsir_promoters.csv,,Specialty Manufacturing (Consulting/Business Services),no_structured_differentiation_tag|bse_sme_ipo_drhp_pipeline|make_in_india_manufacturing|capital_markets_ipo_activity|ipo_filed_sep_2025,1,manufacturer_or_industrial_segment,1,india_location_signal,0,no_differentiation_evidence,0,no_promoter_extract,1,sector_or_macro_tailwind_tags,1,growth_or_ipo_signal_in_text,4,67,65.0,4,0,0,0,0,0,0,rules_only_no_llm_balance,5.0,5.0,0.0,0.0,5.0,5.0,65.0,0.0,rules_only
Defcom Technologies Ltd,Bengaluru,Manufacturing / Industrial,defcomtech.com,₹100–200 Cr,no_structured_differentiation_tag,,IPO filed Jan 2026,bse_sme_ipo_drhp_pipeline|make_in_india_manufacturing|capital_markets_ipo_activity,data_with_dsir_recognition.csv+final_merged_dsir_promoters.csv,,Specialty Manufacturing (Defence Electronics),no_structured_differentiation_tag|bse_sme_ipo_drhp_pipeline|make_in_india_manufacturing|capital_markets_ipo_activity|ipo_filed_jan_2026,1,manufacturer_or_industrial_segment,1,india_location_signal,0,no_differentiation_evidence,0,no_promoter_extract,1,sector_or_macro_tailwind_tags,1,growth_or_ipo_signal_in_text,4,67,65.0,4,0,0,0,0,0,0,rules_only_no_llm_balance,5.0,5.0,0.0,0.0,5.0,5.0,65.0,0.0,rules_only
DefenceCore Advanced Ltd,Pune,Manufacturing / Industrial,defencecoreadv.com,₹120–200 Cr,no_structured_differentiation_tag,,IPO filed Feb 2026,bse_sme_ipo_drhp_pipeline|make_in_india_manufacturing|capital_markets_ipo_activity,data_with_dsir_recognition.csv+final_merged_dsir_promoters.csv,,Specialty Manufacturing (Defence Systems),no_structured_differentiation_tag|bse_sme_ipo_drhp_pipeline|make_in_india_manufacturing|capital_markets_ipo_activity|ipo_filed_feb_2026,1,manufacturer_or_industrial_segment,1,india_location_signal,0,no_differentiation_evidence,0,no_promoter_extract,1,sector_or_macro_tailwind_tags,1,growth_or_ipo_signal_in_text,4,67,65.0,2,0,0,0,0,0,0,rules_only_no_llm_balance,5.0,5.0,0.0,0.0,5.0,5.0,65.0,0.0,rules_only
DefenceCore Ltd,Pune,Manufacturing / Industrial,defencecore.com,₹120–200 Cr,no_structured_differentiation_tag,,IPO filed Feb 2026,bse_sme_ipo_drhp_pipeline|make_in_india_manufacturing|capital_markets_ipo_activity,data_with_dsir_recognition.csv+final_merged_dsir_promoters.csv,,Specialty Manufacturing (Defence Systems),no_structured_differentiation_tag|bse_sme_ipo_drhp_pipeline|make_in_india_manufacturing|capital_markets_ipo_activity|ipo_filed_feb_2026,1,manufacturer_or_industrial_segment,1,india_location_signal,0,no_differentiation_evidence,0,no_promoter_extract,1,sector_or_macro_tailwind_tags,1,growth_or_ipo_signal_in_text,4,67,65.0,9,0,0,0,0,0,0,rules_only_no_llm_balance,5.0,5.0,0.0,0.0,5.0,5.0,65.0,0.0,rules_only
DefenceCore Systems Ltd,Pune,Manufacturing / Industrial,defencecoresystems.com,₹120–200 Cr,no_structured_differentiation_tag,,IPO filed Feb 2026,bse_sme_ipo_drhp_pipeline|make_in_india_manufacturing|capital_markets_ipo_activity,data_with_dsir_recognition.csv+final_merged_dsir_promoters.csv,,Specialty Manufacturing (Defence Systems),no_structured_differentiation_tag|bse_sme_ipo_drhp_pipeline|make_in_india_manufacturing|capital_markets_ipo_activity|ipo_filed_feb_2026,1,manufacturer_or_industrial_segment,1,india_location_signal,0,no_differentiation_evidence,0,no_promoter_extract,1,sector_or_macro_tailwind_tags,1,growth_or_ipo_signal_in_text,4,67,65.0,4,0,0,0,0,0,0,rules_only_no_llm_balance,5.0,5.0,0.0,0.0,5.0,5.0,65.0,0.0,rules_only
DefenceWorks Ltd,Pune,Manufacturing / Industrial,defenceworks.com,₹120–200 Cr,no_structured_differentiation_tag,,IPO filed Feb 2026,bse_sme_ipo_drhp_pipeline|make_in_india_manufacturing|capital_markets_ipo_activity,data_with_dsir_recognition.csv+final_merged_dsir_promoters.csv,,Specialty Manufacturing (Defence Systems),no_structured_differentiation_tag|bse_sme_ipo_drhp_pipeline|make_in_india_manufacturing|capital_markets_ipo_activity|ipo_filed_feb_2026,1,manufacturer_or_industrial_segment,1,india_location_signal,0,no_differentiation_evidence,0,no_promoter_extract,1,sector_or_macro_tailwind_tags,1,growth_or_ipo_signal_in_text,4,67,65.0,5,0,0,0,0,0,0,rules_only_no_llm_balance,5.0,5.0,0.0,0.0,5.0,5.0,65.0,0.0,rules_only
Defendex Armour Ltd,Delhi NCR,Manufacturing / Industrial,defendexarmour.com,₹120–200 Cr,no_structured_differentiation_tag,,IPO filed Feb 2026,bse_sme_ipo_drhp_pipeline|make_in_india_manufacturing|capital_markets_ipo_activity,data_with_dsir_recognition.csv+final_merged_dsir_promoters.csv,,Specialty Manufacturing (Defence/Armour),no_structured_differentiation_tag|bse_sme_ipo_drhp_pipeline|make_in_india_manufacturing|capital_markets_ipo_activity|ipo_filed_feb_2026,1,manufacturer_or_industrial_segment,1,india_location_signal,0,no_differentiation_evidence,0,no_promoter_extract,1,sector_or_macro_tailwind_tags,1,growth_or_ipo_signal_in_text,4,67,65.0,4,0,0,0,0,0,0,rules_only_no_llm_balance,5.0,5.0,0.0,0.0,5.0,5.0,65.0,0.0,rules_only
Defendex Global Ltd,Pune,Manufacturing / Industrial,defendexglobal.com,₹120–200 Cr,no_structured_differentiation_tag,,IPO filed Feb 2026,bse_sme_ipo_drhp_pipeline|make_in_india_manufacturing|capital_markets_ipo_activity,data_with_dsir_recognition.csv+final_merged_dsir_promoters.csv,,Specialty Manufacturing (Defence Systems),no_structured_differentiation_tag|bse_sme_ipo_drhp_pipeline|make_in_india_manufacturing|capital_markets_ipo_activity|ipo_filed_feb_2026,1,manufacturer_or_industrial_segment,1,india_location_signal,0,no_differentiation_evidence,0,no_promoter_extract,1,sector_or_macro_tailwind_tags,1,growth_or_ipo_signal_in_text,4,67,65.0,43,0,0,0,0,0,0,rules_only_no_llm_balance,5.0,5.0,0.0,0.0,5.0,5.0,65.0,0.0,rules_only
Defendex Systems Ltd,Pune,Manufacturing / Industrial,defendexsystems.com,₹120–200 Cr,no_structured_differentiation_tag,,IPO filed Feb 2026,bse_sme_ipo_drhp_pipeline|make_in_india_manufacturing|capital_markets_ipo_activity,data_with_dsir_recognition.csv+final_merged_dsir_promoters.csv,,Specialty Manufacturing (Defence Systems),no_structured_differentiation_tag|bse_sme_ipo_drhp_pipeline|make_in_india_manufacturing|capital_markets_ipo_activity|ipo_filed_feb_2026,1,manufacturer_or_industrial_segment,1,india_location_signal,0,no_differentiation_evidence,0,no_promoter_extract,1,sector_or_macro_tailwind_tags,1,growth_or_ipo_signal_in_text,4,67,65.0,10,0,0,0,0,0,0,rules_only_no_llm_balance,5.0,5.0,0.0,0.0,5.0,5.0,65.0,0.0,rules_only
DefendTech Armour Ltd,Delhi NCR,Manufacturing / Industrial,defendtecharmour.com,₹120–200 Cr,no_structured_differentiation_tag,,IPO filed Feb 2026,bse_sme_ipo_drhp_pipeline|make_in_india_manufacturing|capital_markets_ipo_activity,data_with_dsir_recognition.csv+final_merged_dsir_promoters.csv,,Specialty Manufacturing (Defence/Armour),no_structured_differentiation_tag|bse_sme_ipo_drhp_pipeline|make_in_india_manufacturing|capital_markets_ipo_activity|ipo_filed_feb_2026,1,manufacturer_or_industrial_segment,1,india_location_signal,0,no_differentiation_evidence,0,no_promoter_extract,1,sector_or_macro_tailwind_tags,1,growth_or_ipo_signal_in_text,4,67,65.0,2,0,0,0,0,0,0,rules_only_no_llm_balance,5.0,5.0,0.0,0.0,5.0,5.0,65.0,0.0,rules_only
DefendTech Systems Ltd,Delhi NCR,Manufacturing / Industrial,defendtechsystems.com,₹120–200 Cr,no_structured_differentiation_tag,,IPO filed Feb 2026,bse_sme_ipo_drhp_pipeline|make_in_india_manufacturing|capital_markets_ipo_activity,data_with_dsir_recognition.csv+final_merged_dsir_promoters.csv,,Specialty Manufacturing (Defence/Armour),no_structured_differentiation_tag|bse_sme_ipo_drhp_pipeline|make_in_india_manufacturing|capital_markets_ipo_activity|ipo_filed_feb_2026,1,manufacturer_or_industrial_segment,1,india_location_signal,0,no_differentiation_evidence,0,no_promoter_extract,1,sector_or_macro_tailwind_tags,1,growth_or_ipo_signal_in_text,4,67,65.0,2,0,0,0,0,0,0,rules_only_no_llm_balance,5.0,5.0,0.0,0.0,5.0,5.0,65.0,0.0,rules_only
Deftron Advanced Ltd,Pune,Manufacturing / Industrial,deftronadv.com,₹120–200 Cr,no_structured_differentiation_tag,,IPO filed Feb 2026,bse_sme_ipo_drhp_pipeline|make_in_india_manufacturing|capital_markets_ipo_activity,data_with_dsir_recognition.csv+final_merged_dsir_promoters.csv,,Specialty Manufacturing (Defence Systems),no_structured_differentiation_tag|bse_sme_ipo_drhp_pipeline|make_in_india_manufacturing|capital_markets_ipo_activity|ipo_filed_feb_2026,1,manufacturer_or_industrial_segment,1,india_location_signal,0,no_differentiation_evidence,0,no_promoter_extract,1,sector_or_macro_tailwind_tags,1,growth_or_ipo_signal_in_text,4,67,65.0,24,0,0,0,0,0,0,rules_only_no_llm_balance,5.0,5.0,0.0,0.0,5.0,5.0,65.0,0.0,rules_only
Deftron Defence Ltd,Pune,Manufacturing / Industrial,deftrondefence.com,₹120–200 Cr,no_structured_differentiation_tag,,IPO filed Feb 2026,bse_sme_ipo_drhp_pipeline|make_in_india_manufacturing|capital_markets_ipo_activity,data_with_dsir_recognition.csv+final_merged_dsir_promoters.csv,,Specialty Manufacturing (Defence Systems),no_structured_differentiation_tag|bse_sme_ipo_drhp_pipeline|make_in_india_manufacturing|capital_markets_ipo_activity|ipo_filed_feb_2026,1,manufacturer_or_industrial_segment,1,india_location_signal,0,no_differentiation_evidence,0,no_promoter_extract,1,sector_or_macro_tailwind_tags,1,growth_or_ipo_signal_in_text,4,67,65.0,19,0,0,0,0,0,0,rules_only_no_llm_balance,5.0,5.0,0.0,0.0,5.0,5.0,65.0,0.0,rules_only
Deftronics Systems Ltd,Bengaluru,Manufacturing / Industrial,deftronics.com,₹100–200 Cr,no_structured_differentiation_tag,,IPO filed Jan 2026,bse_sme_ipo_drhp_pipeline|make_in_india_manufacturing|capital_markets_ipo_activity,data_with_dsir_recognition.csv+final_merged_dsir_promoters.csv,,Specialty Manufacturing (Defence Electronics),no_structured_differentiation_tag|bse_sme_ipo_drhp_pipeline|make_in_india_manufacturing|capital_markets_ipo_activity|ipo_filed_jan_2026,1,manufacturer_or_industrial_segment,1,india_location_signal,0,no_differentiation_evidence,0,no_promoter_extract,1,sector_or_macro_tailwind_tags,1,growth_or_ipo_signal_in_text,4,67,65.0,2,0,0,0,0,0,0,rules_only_no_llm_balance,5.0,5.0,0.0,0.0,5.0,5.0,65.0,0.0,rules_only
Dhara Rail Projects Ltd,Gujarat,Manufacturing / Industrial,dhararail.com,₹100–200 Cr,no_structured_differentiation_tag,,IPO filed Dec 2025,bse_sme_ipo_drhp_pipeline|make_in_india_manufacturing|capital_markets_ipo_activity,data_with_dsir_recognition.csv+final_merged_dsir_promoters.csv,,Specialty Manufacturing (Rail Infra),no_structured_differentiation_tag|bse_sme_ipo_drhp_pipeline|make_in_india_manufacturing|capital_markets_ipo_activity|ipo_filed_dec_2025,1,manufacturer_or_industrial_segment,1,india_location_signal,0,no_differentiation_evidence,0,no_promoter_extract,1,sector_or_macro_tailwind_tags,1,growth_or_ipo_signal_in_text,4,67,65.0,2,0,0,0,0,0,0,rules_only_no_llm_balance,5.0,5.0,0.0,0.0,5.0,5.0,65.0,0.0,rules_only
DNV Food Products Ltd,Gujarat,Manufacturing / Industrial,dnvfoods.com,₹40–70 Cr,no_structured_differentiation_tag,,IPO filed Sep 2025,bse_sme_ipo_drhp_pipeline|make_in_india_manufacturing|capital_markets_ipo_activity,data_with_dsir_recognition.csv+final_merged_dsir_promoters.csv,,Specialty Manufacturing (Food Processing),no_structured_differentiation_tag|bse_sme_ipo_drhp_pipeline|make_in_india_manufacturing|capital_markets_ipo_activity|ipo_filed_sep_2025,1,manufacturer_or_industrial_segment,1,india_location_signal,0,no_differentiation_evidence,0,no_promoter_extract,1,sector_or_macro_tailwind_tags,1,growth_or_ipo_signal_in_text,4,67,65.0,3,0,0,0,0,0,0,rules_only_no_llm_balance,5.0,5.0,0.0,0.0,5.0,5.0,65.0,0.0,rules_only
E To E Transportation Infrastructure Ltd,Delhi NCR,Manufacturing / Industrial,etoeinfra.com,₹100–200 Cr,no_structured_differentiation_tag,,IPO filed Dec 2025,bse_sme_ipo_drhp_pipeline|make_in_india_manufacturing|capital_markets_ipo_activity,data_with_dsir_recognition.csv+final_merged_dsir_promoters.csv,,Specialty Manufacturing (Infrastructure/Transportation),no_structured_differentiation_tag|bse_sme_ipo_drhp_pipeline|make_in_india_manufacturing|capital_markets_ipo_activity|ipo_filed_dec_2025,1,manufacturer_or_industrial_segment,1,india_location_signal,0,no_differentiation_evidence,0,no_promoter_extract,1,sector_or_macro_tailwind_tags,1,growth_or_ipo_signal_in_text,4,67,65.0,2,0,0,0,0,0,0,rules_only_no_llm_balance,5.0,5.0,0.0,0.0,5.0,5.0,65.0,0.0,rules_only
Ecoline Exim Ltd,Mumbai,Manufacturing / Industrial,ecolineexim.com,₹50–90 Cr,no_structured_differentiation_tag,,IPO filed Sep 2025,bse_sme_ipo_drhp_pipeline|make_in_india_manufacturing|capital_markets_ipo_activity,data_with_dsir_recognition.csv+final_merged_dsir_promoters.csv,,Specialty Manufacturing (Export/Trading),no_structured_differentiation_tag|bse_sme_ipo_drhp_pipeline|make_in_india_manufacturing|capital_markets_ipo_activity|ipo_filed_sep_2025,1,manufacturer_or_industrial_segment,1,india_location_signal,0,no_differentiation_evidence,0,no_promoter_extract,1,sector_or_macro_tailwind_tags,1,growth_or_ipo_signal_in_text,4,67,65.0,4,0,0,0,0,0,0,rules_only_no_llm_balance,5.0,5.0,0.0,0.0,5.0,5.0,65.0,0.0,rules_only
ElectraMed Instruments Ltd,Pune,Manufacturing / Industrial,electramed.com,₹70–120 Cr,no_structured_differentiation_tag,,IPO filed Jan 2026,bse_sme_ipo_drhp_pipeline|make_in_india_manufacturing|capital_markets_ipo_activity,data_with_dsir_recognition.csv+final_merged_dsir_promoters.csv,,Specialty Manufacturing (Medical Electronics),no_structured_differentiation_tag|bse_sme_ipo_drhp_pipeline|make_in_india_manufacturing|capital_markets_ipo_activity|ipo_filed_jan_2026,1,manufacturer_or_industrial_segment,1,india_location_signal,0,no_differentiation_evidence,0,no_promoter_extract,1,sector_or_macro_tailwind_tags,1,growth_or_ipo_signal_in_text,4,67,65.0,4,0,0,0,0,0,0,rules_only_no_llm_balance,5.0,5.0,0.0,0.0,5.0,5.0,65.0,0.0,rules_only
ElectroHeal Devices Ltd,Pune,Manufacturing / Industrial,electrohealdevices.com,₹70–120 Cr,no_structured_differentiation_tag,,IPO filed Jan 2026,bse_sme_ipo_drhp_pipeline|make_in_india_manufacturing|capital_markets_ipo_activity,data_with_dsir_recognition.csv+final_merged_dsir_promoters.csv,,Specialty Manufacturing (Medical Electronics),no_structured_differentiation_tag|bse_sme_ipo_drhp_pipeline|make_in_india_manufacturing|capital_markets_ipo_activity|ipo_filed_jan_2026,1,manufacturer_or_industrial_segment,1,india_location_signal,0,no_differentiation_evidence,0,no_promoter_extract,1,sector_or_macro_tailwind_tags,1,growth_or_ipo_signal_in_text,4,67,65.0,2,0,0,0,0,0,0,rules_only_no_llm_balance,5.0,5.0,0.0,0.0,5.0,5.0,65.0,0.0,rules_only
ElectroHeal Instruments Ltd,Pune,Manufacturing / Industrial,electroheal.com,₹70–120 Cr,no_structured_differentiation_tag,,IPO filed Jan 2026,bse_sme_ipo_drhp_pipeline|make_in_india_manufacturing|capital_markets_ipo_activity,data_with_dsir_recognition.csv+final_merged_dsir_promoters.csv,,Specialty Manufacturing (Medical Electronics),no_structured_differentiation_tag|bse_sme_ipo_drhp_pipeline|make_in_india_manufacturing|capital_markets_ipo_activity|ipo_filed_jan_2026,1,manufacturer_or_industrial_segment,1,india_location_signal,0,no_differentiation_evidence,0,no_promoter_extract,1,sector_or_macro_tailwind_tags,1,growth_or_ipo_signal_in_text,4,67,65.0,2,0,0,0,0,0,0,rules_only_no_llm_balance,5.0,5.0,0.0,0.0,5.0,5.0,65.0,0.0,rules_only
Encompass Design India Ltd,Gurugram,Manufacturing / Industrial,encompassdesign.in,₹30–60 Cr,no_structured_differentiation_tag,,IPO filed Nov 2025,bse_sme_ipo_drhp_pipeline|make_in_india_manufacturing|capital_markets_ipo_activity,data_with_dsir_recognition.csv+final_merged_dsir_promoters.csv,,Specialty Manufacturing (Design/Consulting),no_structured_differentiation_tag|bse_sme_ipo_drhp_pipeline|make_in_india_manufacturing|capital_markets_ipo_activity|ipo_filed_nov_2025,1,manufacturer_or_industrial_segment,1,india_location_signal,0,no_differentiation_evidence,0,no_promoter_extract,1,sector_or_macro_tailwind_tags,1,growth_or_ipo_signal_in_text,4,67,65.0,3,0,0,0,0,0,0,rules_only_no_llm_balance,5.0,5.0,0.0,0.0,5.0,5.0,65.0,0.0,rules_only
EPW India Ltd,Delhi NCR,Manufacturing / Industrial,epwindia.com,₹30–60 Cr,no_structured_differentiation_tag,,IPO filed Sep 2025,bse_sme_ipo_drhp_pipeline|make_in_india_manufacturing|capital_markets_ipo_activity,final_merged_dsir_promoters.csv,,Specialty Manufacturing (Publishing/Media),no_structured_differentiation_tag|bse_sme_ipo_drhp_pipeline|make_in_india_manufacturing|capital_markets_ipo_activity|ipo_filed_sep_2025,1,manufacturer_or_industrial_segment,1,india_location_signal,0,no_differentiation_evidence,0,no_promoter_extract,1,sector_or_macro_tailwind_tags,1,growth_or_ipo_signal_in_text,4,67,65.0,1,0,0,0,0,0,0,rules_only_no_llm_balance,5.0,5.0,0.0,0.0,5.0,5.0,65.0,0.0,rules_only
Fascinate Textiles Ltd,Surat,Manufacturing / Industrial,fascinatetextiles.com,₹40–80 Cr,no_structured_differentiation_tag,,IPO filed Sep 2025,bse_sme_ipo_drhp_pipeline|make_in_india_manufacturing|capital_markets_ipo_activity,data_with_dsir_recognition.csv+final_merged_dsir_promoters.csv,,Specialty Manufacturing (Engineered Textiles),no_structured_differentiation_tag|bse_sme_ipo_drhp_pipeline|make_in_india_manufacturing|capital_markets_ipo_activity|ipo_filed_sep_2025,1,manufacturer_or_industrial_segment,1,india_location_signal,0,no_differentiation_evidence,0,no_promoter_extract,1,sector_or_macro_tailwind_tags,1,growth_or_ipo_signal_in_text,4,67,65.0,2,0,0,0,0,0,0,rules_only_no_llm_balance,5.0,5.0,0.0,0.0,5.0,5.0,65.0,0.0,rules_only
Finbud Financial Services Ltd,Mumbai,Manufacturing / Industrial,finbudfinance.com,₹50–90 Cr,no_structured_differentiation_tag,,IPO filed Oct 2025,bse_sme_ipo_drhp_pipeline|make_in_india_manufacturing|capital_markets_ipo_activity,data_with_dsir_recognition.csv+final_merged_dsir_promoters.csv,,Specialty Manufacturing (Financial Services),no_structured_differentiation_tag|bse_sme_ipo_drhp_pipeline|make_in_india_manufacturing|capital_markets_ipo_activity|ipo_filed_oct_2025,1,manufacturer_or_industrial_segment,1,india_location_signal,0,no_differentiation_evidence,0,no_promoter_extract,1,sector_or_macro_tailwind_tags,1,growth_or_ipo_signal_in_text,4,67,65.0,3,0,0,0,0,0,0,rules_only_no_llm_balance,5.0,5.0,0.0,0.0,5.0,5.0,65.0,0.0,rules_only
Greenvolt Energy Systems Ltd,Chennai,Manufacturing / Industrial,greenvoltenergy.com,₹80–150 Cr,no_structured_differentiation_tag,,IPO filed Sep 2025,bse_sme_ipo_drhp_pipeline|make_in_india_manufacturing|capital_markets_ipo_activity,data_with_dsir_recognition.csv+final_merged_dsir_promoters.csv,,Specialty Manufacturing (Renewable Energy),no_structured_differentiation_tag|bse_sme_ipo_drhp_pipeline|make_in_india_manufacturing|capital_markets_ipo_activity|ipo_filed_sep_2025,1,manufacturer_or_industrial_segment,1,india_location_signal,0,no_differentiation_evidence,0,no_promoter_extract,1,sector_or_macro_tailwind_tags,1,growth_or_ipo_signal_in_text,4,67,65.0,4,0,0,0,0,0,0,rules_only_no_llm_balance,5.0,5.0,0.0,0.0,5.0,5.0,65.0,0.0,rules_only
Grover Jewells Ltd,Delhi NCR,Manufacturing / Industrial,groverjewells.com,₹80–150 Cr,no_structured_differentiation_tag,,IPO filed Jan 2026,bse_sme_ipo_drhp_pipeline|make_in_india_manufacturing|capital_markets_ipo_activity,data_with_dsir_recognition.csv+final_merged_dsir_promoters.csv,,Specialty Manufacturing (Jewellery),no_structured_differentiation_tag|bse_sme_ipo_drhp_pipeline|make_in_india_manufacturing|capital_markets_ipo_activity|ipo_filed_jan_2026,1,manufacturer_or_industrial_segment,1,india_location_signal,0,no_differentiation_evidence,0,no_promoter_extract,1,sector_or_macro_tailwind_tags,1,growth_or_ipo_signal_in_text,4,67,65.0,2,0,0,0,0,0,0,rules_only_no_llm_balance,5.0,5.0,0.0,0.0,5.0,5.0,65.0,0.0,rules_only
Helloji Holidays Limited,"passed by the shareholders on May 06, 2025 from Union Territory of Chandigarh to National Capital Territory of Delhi",unspecified_see_drhp,www.helloji.com; www.khambattasecurities.com; www.maashitla.com,₹2 Cr (stated),dsir_drhp_substantive_citation,DRHP: Ms. Shikha Daruka; Ms. Shikha Daruka Company Secretary; Mr. Chandan Mishra Email; Mr. Mukul Agrawal Email; Mr. Chandan Mishra SEBI Registration No; Mr. Mukul Agrawal SEBI Registration No,No explicit expansion/hiring/certification keywords in sampled pages — check MD&A / risk factors in full DRHP.,bse_sme_ipo_drhp_pipeline|capacity_expansion_tailwind|workforce_scaling_signal,drhp_companies_specified_format.csv+final_merged_dsir_promoters.csv,U63040DL2012PLC452865,See DRHP ‘Industry / Business overview’ section.,dsir_drhp_substantive_citation|bse_sme_ipo_drhp_pipeline|capacity_expansion_tailwind|workforce_scaling_signal|no_explicit_expansion|hiring|certification_keywords_in_sampled_pages_—_check_md&a|risk_factors_in_full_drhp,0,not_classified_manufacturer,1,india_location_signal,1,dsir_substantive_drhp_citation,1,named_individuals_in_promoter_field,1,sector_or_macro_tailwind_tags,1,growth_or_ipo_signal_in_text,5,83,80.0,2,0,0,0,0,0,0,rules_only_no_llm_balance,0.0,5.0,5.0,5.0,5.0,5.0,80.0,0.0,rules_only
Himalayan Solar Ltd,Himachal Pradesh,Manufacturing / Industrial,himalayansolar.com,₹40–80 Cr,no_structured_differentiation_tag,,IPO filed Sep 2025,bse_sme_ipo_drhp_pipeline|make_in_india_manufacturing|capital_markets_ipo_activity,data_with_dsir_recognition.csv+final_merged_dsir_promoters.csv,,Specialty Manufacturing (Renewable Energy),no_structured_differentiation_tag|bse_sme_ipo_drhp_pipeline|make_in_india_manufacturing|capital_markets_ipo_activity|ipo_filed_sep_2025,1,manufacturer_or_industrial_segment,1,india_location_signal,0,no_differentiation_evidence,0,no_promoter_extract,1,sector_or_macro_tailwind_tags,1,growth_or_ipo_signal_in_text,4,67,65.0,2,0,0,0,0,0,0,rules_only_no_llm_balance,5.0,5.0,0.0,0.0,5.0,5.0,65.0,0.0,rules_only
Ic Electricals Company Ltd,Delhi NCR,Manufacturing / Industrial,icelectricals.com,₹50–100 Cr,no_structured_differentiation_tag,,IPO filed Sep 2025,bse_sme_ipo_drhp_pipeline|make_in_india_manufacturing|capital_markets_ipo_activity,data_with_dsir_recognition.csv+final_merged_dsir_promoters.csv,,Specialty Manufacturing (Electrical Equipment),no_structured_differentiation_tag|bse_sme_ipo_drhp_pipeline|make_in_india_manufacturing|capital_markets_ipo_activity|ipo_filed_sep_2025,1,manufacturer_or_industrial_segment,1,india_location_signal,0,no_differentiation_evidence,0,no_promoter_extract,1,sector_or_macro_tailwind_tags,1,growth_or_ipo_signal_in_text,4,67,65.0,2,0,0,0,0,0,0,rules_only_no_llm_balance,5.0,5.0,0.0,0.0,5.0,5.0,65.0,0.0,rules_only
Immunex Biotech Ltd,Pune,Manufacturing / Industrial,immunexbiotech.com,₹70–120 Cr,no_structured_differentiation_tag,,IPO filed Feb 2026,bse_sme_ipo_drhp_pipeline|make_in_india_manufacturing|capital_markets_ipo_activity,data_with_dsir_recognition.csv+final_merged_dsir_promoters.csv,,Specialty Manufacturing (Biotech/Immunology),no_structured_differentiation_tag|bse_sme_ipo_drhp_pipeline|make_in_india_manufacturing|capital_markets_ipo_activity|ipo_filed_feb_2026,1,manufacturer_or_industrial_segment,1,india_location_signal,0,no_differentiation_evidence,0,no_promoter_extract,1,sector_or_macro_tailwind_tags,1,growth_or_ipo_signal_in_text,4,67,65.0,4,0,0,0,0,0,0,rules_only_no_llm_balance,5.0,5.0,0.0,0.0,5.0,5.0,65.0,0.0,rules_only
ImmunoCare Biotech Ltd,Pune,Manufacturing / Industrial,immunocarebiotech.com,₹70–120 Cr,no_structured_differentiation_tag,,IPO filed Feb 2026,bse_sme_ipo_drhp_pipeline|make_in_india_manufacturing|capital_markets_ipo_activity,data_with_dsir_recognition.csv+final_merged_dsir_promoters.csv,,Specialty Manufacturing (Biotech/Immunology),no_structured_differentiation_tag|bse_sme_ipo_drhp_pipeline|make_in_india_manufacturing|capital_markets_ipo_activity|ipo_filed_feb_2026,1,manufacturer_or_industrial_segment,1,india_location_signal,0,no_differentiation_evidence,0,no_promoter_extract,1,sector_or_macro_tailwind_tags,1,growth_or_ipo_signal_in_text,4,67,65.0,2,0,0,0,0,0,0,rules_only_no_llm_balance,5.0,5.0,0.0,0.0,5.0,5.0,65.0,0.0,rules_only
Inspros Engineers Ltd,Pune,Manufacturing / Industrial,insprosengineers.com,₹40–70 Cr,no_structured_differentiation_tag,,IPO filed Jul 2025,bse_sme_ipo_drhp_pipeline|make_in_india_manufacturing|capital_markets_ipo_activity,data_with_dsir_recognition.csv+final_merged_dsir_promoters.csv,,Specialty Manufacturing (Engineering/Industrial Services),no_structured_differentiation_tag|bse_sme_ipo_drhp_pipeline|make_in_india_manufacturing|capital_markets_ipo_activity|ipo_filed_jul_2025,1,manufacturer_or_industrial_segment,1,india_location_signal,0,no_differentiation_evidence,0,no_promoter_extract,1,sector_or_macro_tailwind_tags,1,growth_or_ipo_signal_in_text,4,67,65.0,3,0,0,0,0,0,0,rules_only_no_llm_balance,5.0,5.0,0.0,0.0,5.0,5.0,65.0,0.0,rules_only
Jagdamba Polymers Ltd,Jaipur,Manufacturing / Industrial,jagdambapolymers.com,₹70–120 Cr,no_structured_differentiation_tag,,IPO filed Sep 2025,bse_sme_ipo_drhp_pipeline|make_in_india_manufacturing|capital_markets_ipo_activity,data_with_dsir_recognition.csv+final_merged_dsir_promoters.csv,,Specialty Manufacturing (Plastics),no_structured_differentiation_tag|bse_sme_ipo_drhp_pipeline|make_in_india_manufacturing|capital_markets_ipo_activity|ipo_filed_sep_2025,1,manufacturer_or_industrial_segment,1,india_location_signal,0,no_differentiation_evidence,0,no_promoter_extract,1,sector_or_macro_tailwind_tags,1,growth_or_ipo_signal_in_text,4,67,65.0,4,0,0,0,0,0,0,rules_only_no_llm_balance,5.0,5.0,0.0,0.0,5.0,5.0,65.0,0.0,rules_only
Kheria Autocomp Ltd,Gurugram,Manufacturing / Industrial,kheriaautocomp.com,₹70–120 Cr,no_structured_differentiation_tag,,IPO filed Sep 2025,bse_sme_ipo_drhp_pipeline|make_in_india_manufacturing|capital_markets_ipo_activity,data_with_dsir_recognition.csv+final_merged_dsir_promoters.csv,,Specialty Manufacturing (Auto Components),no_structured_differentiation_tag|bse_sme_ipo_drhp_pipeline|make_in_india_manufacturing|capital_markets_ipo_activity|ipo_filed_sep_2025,1,manufacturer_or_industrial_segment,1,india_location_signal,0,no_differentiation_evidence,0,no_promoter_extract,1,sector_or_macro_tailwind_tags,1,growth_or_ipo_signal_in_text,4,67,65.0,2,0,0,0,0,0,0,rules_only_no_llm_balance,5.0,5.0,0.0,0.0,5.0,5.0,65.0,0.0,rules_only
KRM Ayurveda Ltd,Kerala,Manufacturing / Industrial,krmayurveda.com,₹30–60 Cr,no_structured_differentiation_tag,,IPO filed Sep 2025,bse_sme_ipo_drhp_pipeline|make_in_india_manufacturing|capital_markets_ipo_activity,data_with_dsir_recognition.csv+final_merged_dsir_promoters.csv,,Specialty Manufacturing (Healthcare/Ayurveda),no_structured_differentiation_tag|bse_sme_ipo_drhp_pipeline|make_in_india_manufacturing|capital_markets_ipo_activity|ipo_filed_sep_2025,1,manufacturer_or_industrial_segment,1,india_location_signal,0,no_differentiation_evidence,0,no_promoter_extract,1,sector_or_macro_tailwind_tags,1,growth_or_ipo_signal_in_text,4,67,65.0,3,0,0,0,0,0,0,rules_only_no_llm_balance,5.0,5.0,0.0,0.0,5.0,5.0,65.0,0.0,rules_only
Manilam Industries India Ltd,Mumbai,Manufacturing / Industrial,manilamindustries.com,₹100–200 Cr,no_structured_differentiation_tag,,IPO filed Feb 2026,bse_sme_ipo_drhp_pipeline|make_in_india_manufacturing|capital_markets_ipo_activity,data_with_dsir_recognition.csv+final_merged_dsir_promoters.csv,,Specialty Manufacturing (Industrial Products),no_structured_differentiation_tag|bse_sme_ipo_drhp_pipeline|make_in_india_manufacturing|capital_markets_ipo_activity|ipo_filed_feb_2026,1,manufacturer_or_industrial_segment,1,india_location_signal,0,no_differentiation_evidence,0,no_promoter_extract,1,sector_or_macro_tailwind_tags,1,growth_or_ipo_signal_in_text,4,67,65.0,2,0,0,0,0,0,0,rules_only_no_llm_balance,5.0,5.0,0.0,0.0,5.0,5.0,65.0,0.0,rules_only
Marushika Technology Ltd,Bengaluru,Manufacturing / Industrial,marushikatech.com,₹60–100 Cr,no_structured_differentiation_tag,,IPO filed Jan 2026,bse_sme_ipo_drhp_pipeline|make_in_india_manufacturing|capital_markets_ipo_activity,data_with_dsir_recognition.csv+final_merged_dsir_promoters.csv,,Specialty Manufacturing (IT/Tech Services),no_structured_differentiation_tag|bse_sme_ipo_drhp_pipeline|make_in_india_manufacturing|capital_markets_ipo_activity|ipo_filed_jan_2026,1,manufacturer_or_industrial_segment,1,india_location_signal,0,no_differentiation_evidence,0,no_promoter_extract,1,sector_or_macro_tailwind_tags,1,growth_or_ipo_signal_in_text,4,67,65.0,4,0,0,0,0,0,0,rules_only_no_llm_balance,5.0,5.0,0.0,0.0,5.0,5.0,65.0,0.0,rules_only
MedEquip Devices Ltd,Delhi NCR,Manufacturing / Industrial,medequipdevices.com,₹70–120 Cr,no_structured_differentiation_tag,,IPO filed Dec 2025,bse_sme_ipo_drhp_pipeline|make_in_india_manufacturing|capital_markets_ipo_activity,data_with_dsir_recognition.csv+final_merged_dsir_promoters.csv,,Specialty Manufacturing (Medical Equipment),no_structured_differentiation_tag|bse_sme_ipo_drhp_pipeline|make_in_india_manufacturing|capital_markets_ipo_activity|ipo_filed_dec_2025,1,manufacturer_or_industrial_segment,1,india_location_signal,0,no_differentiation_evidence,0,no_promoter_extract,1,sector_or_macro_tailwind_tags,1,growth_or_ipo_signal_in_text,4,67,65.0,10,0,0,0,0,0,0,rules_only_no_llm_balance,5.0,5.0,0.0,0.0,5.0,5.0,65.0,0.0,rules_only
MedEquip Solutions Ltd,Delhi NCR,Manufacturing / Industrial,medequipsolutions.com,₹70–120 Cr,no_structured_differentiation_tag,,IPO filed Dec 2025,bse_sme_ipo_drhp_pipeline|make_in_india_manufacturing|capital_markets_ipo_activity,data_with_dsir_recognition.csv+final_merged_dsir_promoters.csv,,Specialty Manufacturing (Medical Equipment),no_structured_differentiation_tag|bse_sme_ipo_drhp_pipeline|make_in_india_manufacturing|capital_markets_ipo_activity|ipo_filed_dec_2025,1,manufacturer_or_industrial_segment,1,india_location_signal,0,no_differentiation_evidence,0,no_promoter_extract,1,sector_or_macro_tailwind_tags,1,growth_or_ipo_signal_in_text,4,67,65.0,5,0,0,0,0,0,0,rules_only_no_llm_balance,5.0,5.0,0.0,0.0,5.0,5.0,65.0,0.0,rules_only
MediCore Advanced Ltd,Chennai,Manufacturing / Industrial,medicoreadv.com,₹80–150 Cr,no_structured_differentiation_tag,,IPO filed Jan 2026,bse_sme_ipo_drhp_pipeline|make_in_india_manufacturing|capital_markets_ipo_activity,data_with_dsir_recognition.csv+final_merged_dsir_promoters.csv,,Specialty Manufacturing (MedTech/Diagnostics),no_structured_differentiation_tag|bse_sme_ipo_drhp_pipeline|make_in_india_manufacturing|capital_markets_ipo_activity|ipo_filed_jan_2026,1,manufacturer_or_industrial_segment,1,india_location_signal,0,no_differentiation_evidence,0,no_promoter_extract,1,sector_or_macro_tailwind_tags,1,growth_or_ipo_signal_in_text,4,67,65.0,22,0,0,0,0,0,0,rules_only_no_llm_balance,5.0,5.0,0.0,0.0,5.0,5.0,65.0,0.0,rules_only
MediCore Devices Ltd,Gurugram,Manufacturing / Industrial,medicoredevices.com,₹80–150 Cr,no_structured_differentiation_tag,,IPO filed Dec 2025,bse_sme_ipo_drhp_pipeline|make_in_india_manufacturing|capital_markets_ipo_activity,data_with_dsir_recognition.csv+final_merged_dsir_promoters.csv,,Specialty Manufacturing (Medical Devices),no_structured_differentiation_tag|bse_sme_ipo_drhp_pipeline|make_in_india_manufacturing|capital_markets_ipo_activity|ipo_filed_dec_2025,1,manufacturer_or_industrial_segment,1,india_location_signal,0,no_differentiation_evidence,0,no_promoter_extract,1,sector_or_macro_tailwind_tags,1,growth_or_ipo_signal_in_text,4,67,65.0,2,0,0,0,0,0,0,rules_only_no_llm_balance,5.0,5.0,0.0,0.0,5.0,5.0,65.0,0.0,rules_only
MediCore Global Ltd,Chennai,Manufacturing / Industrial,medicoreglobal.com,₹80–150 Cr,no_structured_differentiation_tag,,IPO filed Jan 2026,bse_sme_ipo_drhp_pipeline|make_in_india_manufacturing|capital_markets_ipo_activity,data_with_dsir_recognition.csv+final_merged_dsir_promoters.csv,,Specialty Manufacturing (MedTech/Diagnostics),no_structured_differentiation_tag|bse_sme_ipo_drhp_pipeline|make_in_india_manufacturing|capital_markets_ipo_activity|ipo_filed_jan_2026,1,manufacturer_or_industrial_segment,1,india_location_signal,0,no_differentiation_evidence,0,no_promoter_extract,1,sector_or_macro_tailwind_tags,1,growth_or_ipo_signal_in_text,4,67,65.0,23,0,0,0,0,0,0,rules_only_no_llm_balance,5.0,5.0,0.0,0.0,5.0,5.0,65.0,0.0,rules_only
MediEquip Global Ltd,Delhi NCR,Manufacturing / Industrial,mediequipglobal.com,₹70–120 Cr,no_structured_differentiation_tag,,IPO filed Dec 2025,bse_sme_ipo_drhp_pipeline|make_in_india_manufacturing|capital_markets_ipo_activity,data_with_dsir_recognition.csv+final_merged_dsir_promoters.csv,,Specialty Manufacturing (Medical Equipment),no_structured_differentiation_tag|bse_sme_ipo_drhp_pipeline|make_in_india_manufacturing|capital_markets_ipo_activity|ipo_filed_dec_2025,1,manufacturer_or_industrial_segment,1,india_location_signal,0,no_differentiation_evidence,0,no_promoter_extract,1,sector_or_macro_tailwind_tags,1,growth_or_ipo_signal_in_text,4,67,65.0,3,0,0,0,0,0,0,rules_only_no_llm_balance,5.0,5.0,0.0,0.0,5.0,5.0,65.0,0.0,rules_only
MediEquip India Ltd,Delhi NCR,Manufacturing / Industrial,mediequipindia.com,₹70–120 Cr,dsir_directory_match,,IPO filed Dec 2025,bse_sme_ipo_drhp_pipeline|make_in_india_manufacturing|capital_markets_ipo_activity,data_with_dsir_recognition.csv+final_merged_dsir_promoters.csv,,Specialty Manufacturing (Medical Equipment),dsir_directory_match|bse_sme_ipo_drhp_pipeline|make_in_india_manufacturing|capital_markets_ipo_activity|ipo_filed_dec_2025,1,manufacturer_or_industrial_segment,1,india_location_signal,1,dsir_directory_evidence,0,no_promoter_extract,1,sector_or_macro_tailwind_tags,1,growth_or_ipo_signal_in_text,5,83,85.0,11,0,0,0,0,0,0,rules_only_no_llm_balance,5.0,5.0,5.0,0.0,5.0,5.0,85.0,0.0,rules_only
MediHeal Devices Ltd,Delhi NCR,Manufacturing / Industrial,medihealdevices.com,₹70–120 Cr,no_structured_differentiation_tag,,IPO filed Dec 2025,bse_sme_ipo_drhp_pipeline|make_in_india_manufacturing|capital_markets_ipo_activity,data_with_dsir_recognition.csv+final_merged_dsir_promoters.csv,,Specialty Manufacturing (Medical Equipment),no_structured_differentiation_tag|bse_sme_ipo_drhp_pipeline|make_in_india_manufacturing|capital_markets_ipo_activity|ipo_filed_dec_2025,1,manufacturer_or_industrial_segment,1,india_location_signal,0,no_differentiation_evidence,0,no_promoter_extract,1,sector_or_macro_tailwind_tags,1,growth_or_ipo_signal_in_text,4,67,65.0,23,0,0,0,0,0,0,rules_only_no_llm_balance,5.0,5.0,0.0,0.0,5.0,5.0,65.0,0.0,rules_only
MediHeal Global Ltd,Delhi NCR,Manufacturing / Industrial,medihealglobal.com,₹70–120 Cr,no_structured_differentiation_tag,,IPO filed Dec 2025,bse_sme_ipo_drhp_pipeline|make_in_india_manufacturing|capital_markets_ipo_activity,data_with_dsir_recognition.csv+final_merged_dsir_promoters.csv,,Specialty Manufacturing (Medical Equipment),no_structured_differentiation_tag|bse_sme_ipo_drhp_pipeline|make_in_india_manufacturing|capital_markets_ipo_activity|ipo_filed_dec_2025,1,manufacturer_or_industrial_segment,1,india_location_signal,0,no_differentiation_evidence,0,no_promoter_extract,1,sector_or_macro_tailwind_tags,1,growth_or_ipo_signal_in_text,4,67,65.0,22,0,0,0,0,0,0,rules_only_no_llm_balance,5.0,5.0,0.0,0.0,5.0,5.0,65.0,0.0,rules_only
Medinova Instruments Ltd,Hyderabad,Manufacturing / Industrial,medinovainstruments.com,₹80–150 Cr,no_structured_differentiation_tag,,IPO filed Jan 2026,bse_sme_ipo_drhp_pipeline|make_in_india_manufacturing|capital_markets_ipo_activity,data_with_dsir_recognition.csv+final_merged_dsir_promoters.csv,,Specialty Manufacturing (MedTech/Diagnostics),no_structured_differentiation_tag|bse_sme_ipo_drhp_pipeline|make_in_india_manufacturing|capital_markets_ipo_activity|ipo_filed_jan_2026,1,manufacturer_or_industrial_segment,1,india_location_signal,0,no_differentiation_evidence,0,no_promoter_extract,1,sector_or_macro_tailwind_tags,1,growth_or_ipo_signal_in_text,4,67,65.0,2,0,0,0,0,0,0,rules_only_no_llm_balance,5.0,5.0,0.0,0.0,5.0,5.0,65.0,0.0,rules_only
MediNova Labs Ltd,Bengaluru,Manufacturing / Industrial,medinovalabs.com,₹80–150 Cr,no_structured_differentiation_tag,,IPO filed Sep 2025,bse_sme_ipo_drhp_pipeline|make_in_india_manufacturing|capital_markets_ipo_activity,data_with_dsir_recognition.csv+final_merged_dsir_promoters.csv,,Specialty Manufacturing (MedTech Solutions),no_structured_differentiation_tag|bse_sme_ipo_drhp_pipeline|make_in_india_manufacturing|capital_markets_ipo_activity|ipo_filed_sep_2025,1,manufacturer_or_industrial_segment,1,india_location_signal,0,no_differentiation_evidence,0,no_promoter_extract,1,sector_or_macro_tailwind_tags,1,growth_or_ipo_signal_in_text,4,67,65.0,2,0,0,0,0,0,0,rules_only_no_llm_balance,5.0,5.0,0.0,0.0,5.0,5.0,65.0,0.0,rules_only
MediNova Solutions Ltd,Bengaluru,Manufacturing / Industrial,medinovasolutions.com,₹80–150 Cr,no_structured_differentiation_tag,,IPO filed Sep 2025,bse_sme_ipo_drhp_pipeline|make_in_india_manufacturing|capital_markets_ipo_activity,data_with_dsir_recognition.csv+final_merged_dsir_promoters.csv,,Specialty Manufacturing (MedTech Solutions),no_structured_differentiation_tag|bse_sme_ipo_drhp_pipeline|make_in_india_manufacturing|capital_markets_ipo_activity|ipo_filed_sep_2025,1,manufacturer_or_industrial_segment,1,india_location_signal,0,no_differentiation_evidence,0,no_promoter_extract,1,sector_or_macro_tailwind_tags,1,growth_or_ipo_signal_in_text,4,67,65.0,2,0,0,0,0,0,0,rules_only_no_llm_balance,5.0,5.0,0.0,0.0,5.0,5.0,65.0,0.0,rules_only
MediScan Devices Ltd,Delhi NCR,Manufacturing / Industrial,mediscandevices.com,₹70–120 Cr,no_structured_differentiation_tag,,IPO filed Dec 2025,bse_sme_ipo_drhp_pipeline|make_in_india_manufacturing|capital_markets_ipo_activity,data_with_dsir_recognition.csv+final_merged_dsir_promoters.csv,,Specialty Manufacturing (Medical Equipment),no_structured_differentiation_tag|bse_sme_ipo_drhp_pipeline|make_in_india_manufacturing|capital_markets_ipo_activity|ipo_filed_dec_2025,1,manufacturer_or_industrial_segment,1,india_location_signal,0,no_differentiation_evidence,0,no_promoter_extract,1,sector_or_macro_tailwind_tags,1,growth_or_ipo_signal_in_text,4,67,65.0,20,0,0,0,0,0,0,rules_only_no_llm_balance,5.0,5.0,0.0,0.0,5.0,5.0,65.0,0.0,rules_only
MediScan Global Ltd,Delhi NCR,Manufacturing / Industrial,mediscanglobal.com,₹70–120 Cr,no_structured_differentiation_tag,,IPO filed Dec 2025,bse_sme_ipo_drhp_pipeline|make_in_india_manufacturing|capital_markets_ipo_activity,data_with_dsir_recognition.csv+final_merged_dsir_promoters.csv,,Specialty Manufacturing (Medical Equipment),no_structured_differentiation_tag|bse_sme_ipo_drhp_pipeline|make_in_india_manufacturing|capital_markets_ipo_activity|ipo_filed_dec_2025,1,manufacturer_or_industrial_segment,1,india_location_signal,0,no_differentiation_evidence,0,no_promoter_extract,1,sector_or_macro_tailwind_tags,1,growth_or_ipo_signal_in_text,4,67,65.0,23,0,0,0,0,0,0,rules_only_no_llm_balance,5.0,5.0,0.0,0.0,5.0,5.0,65.0,0.0,rules_only
Medisurge Devices Ltd,Gurugram,Manufacturing / Industrial,medisurge.com,₹80–150 Cr,no_structured_differentiation_tag,,IPO filed Dec 2025,bse_sme_ipo_drhp_pipeline|make_in_india_manufacturing|capital_markets_ipo_activity,data_with_dsir_recognition.csv+final_merged_dsir_promoters.csv,,Specialty Manufacturing (Medical Devices),no_structured_differentiation_tag|bse_sme_ipo_drhp_pipeline|make_in_india_manufacturing|capital_markets_ipo_activity|ipo_filed_dec_2025,1,manufacturer_or_industrial_segment,1,india_location_signal,0,no_differentiation_evidence,0,no_promoter_extract,1,sector_or_macro_tailwind_tags,1,growth_or_ipo_signal_in_text,4,67,65.0,4,0,0,0,0,0,0,rules_only_no_llm_balance,5.0,5.0,0.0,0.0,5.0,5.0,65.0,0.0,rules_only
Meditech Solutions Ltd,Bengaluru,Manufacturing / Industrial,meditechsolutions.com,₹80–150 Cr,no_structured_differentiation_tag,,IPO filed Sep 2025,bse_sme_ipo_drhp_pipeline|make_in_india_manufacturing|capital_markets_ipo_activity,data_with_dsir_recognition.csv+final_merged_dsir_promoters.csv,,Specialty Manufacturing (MedTech Solutions),no_structured_differentiation_tag|bse_sme_ipo_drhp_pipeline|make_in_india_manufacturing|capital_markets_ipo_activity|ipo_filed_sep_2025,1,manufacturer_or_industrial_segment,1,india_location_signal,0,no_differentiation_evidence,0,no_promoter_extract,1,sector_or_macro_tailwind_tags,1,growth_or_ipo_signal_in_text,4,67,65.0,4,0,0,0,0,0,0,rules_only_no_llm_balance,5.0,5.0,0.0,0.0,5.0,5.0,65.0,0.0,rules_only
Mediview Diagnostics Ltd,Hyderabad,Manufacturing / Industrial,mediviewdiagnostics.com,₹80–150 Cr,no_structured_differentiation_tag,,IPO filed Jan 2026,bse_sme_ipo_drhp_pipeline|make_in_india_manufacturing|capital_markets_ipo_activity,data_with_dsir_recognition.csv+final_merged_dsir_promoters.csv,,Specialty Manufacturing (MedTech/Diagnostics),no_structured_differentiation_tag|bse_sme_ipo_drhp_pipeline|make_in_india_manufacturing|capital_markets_ipo_activity|ipo_filed_jan_2026,1,manufacturer_or_industrial_segment,1,india_location_signal,0,no_differentiation_evidence,0,no_promoter_extract,1,sector_or_macro_tailwind_tags,1,growth_or_ipo_signal_in_text,4,67,65.0,2,0,0,0,0,0,0,rules_only_no_llm_balance,5.0,5.0,0.0,0.0,5.0,5.0,65.0,0.0,rules_only
MediVision Advanced Ltd,Chennai,Manufacturing / Industrial,medivisionadv.com,₹80–150 Cr,no_structured_differentiation_tag,,IPO filed Jan 2026,bse_sme_ipo_drhp_pipeline|make_in_india_manufacturing|capital_markets_ipo_activity,data_with_dsir_recognition.csv+final_merged_dsir_promoters.csv,,Specialty Manufacturing (MedTech/Diagnostics),no_structured_differentiation_tag|bse_sme_ipo_drhp_pipeline|make_in_india_manufacturing|capital_markets_ipo_activity|ipo_filed_jan_2026,1,manufacturer_or_industrial_segment,1,india_location_signal,0,no_differentiation_evidence,0,no_promoter_extract,1,sector_or_macro_tailwind_tags,1,growth_or_ipo_signal_in_text,4,67,65.0,19,0,0,0,0,0,0,rules_only_no_llm_balance,5.0,5.0,0.0,0.0,5.0,5.0,65.0,0.0,rules_only
MediVision Global Ltd,Chennai,Manufacturing / Industrial,medivisionglobal.com,₹80–150 Cr,no_structured_differentiation_tag,,IPO filed Jan 2026,bse_sme_ipo_drhp_pipeline|make_in_india_manufacturing|capital_markets_ipo_activity,data_with_dsir_recognition.csv+final_merged_dsir_promoters.csv,,Specialty Manufacturing (MedTech/Diagnostics),no_structured_differentiation_tag|bse_sme_ipo_drhp_pipeline|make_in_india_manufacturing|capital_markets_ipo_activity|ipo_filed_jan_2026,1,manufacturer_or_industrial_segment,1,india_location_signal,0,no_differentiation_evidence,0,no_promoter_extract,1,sector_or_macro_tailwind_tags,1,growth_or_ipo_signal_in_text,4,67,65.0,27,0,0,0,0,0,0,rules_only_no_llm_balance,5.0,5.0,0.0,0.0,5.0,5.0,65.0,0.0,rules_only
MediVision Labs Ltd,Chennai,Manufacturing / Industrial,medivisionlabs.com,₹80–150 Cr,no_structured_differentiation_tag,,IPO filed Jan 2026,bse_sme_ipo_drhp_pipeline|make_in_india_manufacturing|capital_markets_ipo_activity,data_with_dsir_recognition.csv+final_merged_dsir_promoters.csv,,Specialty Manufacturing (MedTech/Diagnostics),no_structured_differentiation_tag|bse_sme_ipo_drhp_pipeline|make_in_india_manufacturing|capital_markets_ipo_activity|ipo_filed_jan_2026,1,manufacturer_or_industrial_segment,1,india_location_signal,0,no_differentiation_evidence,0,no_promoter_extract,1,sector_or_macro_tailwind_tags,1,growth_or_ipo_signal_in_text,4,67,65.0,8,0,0,0,0,0,0,rules_only_no_llm_balance,5.0,5.0,0.0,0.0,5.0,5.0,65.0,0.0,rules_only
MedVision Instruments Ltd,Chennai,Manufacturing / Industrial,medvision.in,₹80–150 Cr,no_structured_differentiation_tag,,IPO filed Jan 2026,bse_sme_ipo_drhp_pipeline|make_in_india_manufacturing|capital_markets_ipo_activity,data_with_dsir_recognition.csv+final_merged_dsir_promoters.csv,,Specialty Manufacturing (MedTech/Diagnostics),no_structured_differentiation_tag|bse_sme_ipo_drhp_pipeline|make_in_india_manufacturing|capital_markets_ipo_activity|ipo_filed_jan_2026,1,manufacturer_or_industrial_segment,1,india_location_signal,0,no_differentiation_evidence,0,no_promoter_extract,1,sector_or_macro_tailwind_tags,1,growth_or_ipo_signal_in_text,4,67,65.0,5,0,0,0,0,0,0,rules_only_no_llm_balance,5.0,5.0,0.0,0.0,5.0,5.0,65.0,0.0,rules_only
MedVision Labs Ltd,Chennai,Manufacturing / Industrial,medvisionlabs.com,₹80–150 Cr,no_structured_differentiation_tag,,IPO filed Jan 2026,bse_sme_ipo_drhp_pipeline|make_in_india_manufacturing|capital_markets_ipo_activity,data_with_dsir_recognition.csv+final_merged_dsir_promoters.csv,,Specialty Manufacturing (MedTech/Diagnostics),no_structured_differentiation_tag|bse_sme_ipo_drhp_pipeline|make_in_india_manufacturing|capital_markets_ipo_activity|ipo_filed_jan_2026,1,manufacturer_or_industrial_segment,1,india_location_signal,0,no_differentiation_evidence,0,no_promoter_extract,1,sector_or_macro_tailwind_tags,1,growth_or_ipo_signal_in_text,4,67,65.0,12,0,0,0,0,0,0,rules_only_no_llm_balance,5.0,5.0,0.0,0.0,5.0,5.0,65.0,0.0,rules_only
Merritronix Limited,"While we have conducted searches of our records at our Company’s offices, the portal of Ministry of Corporate Affairs and the records maintained by the jurisdictional RoC, we have not been able to trace the certain corporate records, form filings and challans. In this regard, we ...",unspecified_see_drhp,https://www.merritronix.com/; www.bigshareonline.com; www.gyrcapitaladvisors.com,₹25–100 Cr (approx from lakhs),iso_certification_mention|rnd_mention,DRHP: Ms. Mandava Swathi; Ms. Mandava Swathi Company Secretary; Mr. Mohit Baid SEBI Registration Number; Mr. Rajesh Kumawat. SEBI Registration Number; Mr. Dovari Amarnath; involved in a venture which is in the similar line of business/unit as that of our,capacity expansion; capex / capital expenditure; ISO certification mentioned; backward integration,bse_sme_ipo_drhp_pipeline|capacity_expansion_tailwind,drhp_companies_specified_format.csv+final_merged_dsir_promoters.csv,U32100TG1988PLC155611,See DRHP ‘Industry / Business overview’ section.,iso_certification_mention|rnd_mention|bse_sme_ipo_drhp_pipeline|capacity_expansion_tailwind|capacity_expansion|capex|capital_expenditure|iso_certification_mentioned|backward_integration,0,not_classified_manufacturer,0,weak_location_signal,1,cert_or_patent_evidence,1,named_individuals_in_promoter_field,1,sector_or_macro_tailwind_tags,1,growth_or_ipo_signal_in_text,4,67,70.0,2,0,0,0,0,0,0,rules_only_no_llm_balance,0.0,0.0,5.0,5.0,5.0,5.0,70.0,0.0,rules_only
Mobilise App Lab Ltd,Pune,Manufacturing / Industrial,mobiliseapplab.com,₹40–70 Cr,no_structured_differentiation_tag,,IPO filed Feb 2026,bse_sme_ipo_drhp_pipeline|make_in_india_manufacturing|capital_markets_ipo_activity,data_with_dsir_recognition.csv+final_merged_dsir_promoters.csv,,Specialty Manufacturing (Mobile Applications),no_structured_differentiation_tag|bse_sme_ipo_drhp_pipeline|make_in_india_manufacturing|capital_markets_ipo_activity|ipo_filed_feb_2026,1,manufacturer_or_industrial_segment,1,india_location_signal,0,no_differentiation_evidence,0,no_promoter_extract,1,sector_or_macro_tailwind_tags,1,growth_or_ipo_signal_in_text,4,67,65.0,4,0,0,0,0,0,0,rules_only_no_llm_balance,5.0,5.0,0.0,0.0,5.0,5.0,65.0,0.0,rules_only
Mother Agri Food Limited,"details of change in name and registered office of our company, please refer to section titled “",Food / Agriculture,https://motheragrifood.com/,₹25–100 Cr (approx from lakhs),iso_certification_mention|rnd_mention,DRHP: Mr. S. Ramakrishna Iyengar PURVA SHAREGISTRY; Ms. Deepali Dhuri ISSUE PROGRAMME ANCHOR BID,ISO certification mentioned; forward integration,bse_sme_ipo_drhp_pipeline|agri_food_processing_tailwind,drhp_companies_specified_format.csv+final_merged_dsir_promoters.csv,U46209GJ2023PLC144912,"the cleaning, grading, processing, sorting and trading of various agricultural commodities, including",iso_certification_mention|rnd_mention|bse_sme_ipo_drhp_pipeline|agri_food_processing_tailwind|iso_certification_mentioned|forward_integration,0,not_classified_manufacturer,0,weak_location_signal,1,cert_or_patent_evidence,1,named_individuals_in_promoter_field,1,sector_or_macro_tailwind_tags,1,growth_or_ipo_signal_in_text,4,67,70.0,2,0,0,0,0,0,0,rules_only_no_llm_balance,0.0,0.0,5.0,5.0,5.0,5.0,70.0,0.0,rules_only
Nanocore Materials Ltd,Delhi NCR,Manufacturing / Industrial,nanocorematerials.com,₹60–100 Cr,no_structured_differentiation_tag,,IPO filed Nov 2025,bse_sme_ipo_drhp_pipeline|make_in_india_manufacturing|capital_markets_ipo_activity,data_with_dsir_recognition.csv+final_merged_dsir_promoters.csv,,Specialty Manufacturing (Nanomaterials),no_structured_differentiation_tag|bse_sme_ipo_drhp_pipeline|make_in_india_manufacturing|capital_markets_ipo_activity|ipo_filed_nov_2025,1,manufacturer_or_industrial_segment,1,india_location_signal,0,no_differentiation_evidence,0,no_promoter_extract,1,sector_or_macro_tailwind_tags,1,growth_or_ipo_signal_in_text,4,67,65.0,4,0,0,0,0,0,0,rules_only_no_llm_balance,5.0,5.0,0.0,0.0,5.0,5.0,65.0,0.0,rules_only
NanoEdge Global Ltd,Mumbai,Manufacturing / Industrial,nanoedgeglobal.com,₹90–160 Cr,no_structured_differentiation_tag,,IPO filed Nov 2025,bse_sme_ipo_drhp_pipeline|make_in_india_manufacturing|capital_markets_ipo_activity,data_with_dsir_recognition.csv+final_merged_dsir_promoters.csv,,Specialty Manufacturing (Nanotechnology),no_structured_differentiation_tag|bse_sme_ipo_drhp_pipeline|make_in_india_manufacturing|capital_markets_ipo_activity|ipo_filed_nov_2025,1,manufacturer_or_industrial_segment,1,india_location_signal,0,no_differentiation_evidence,0,no_promoter_extract,1,sector_or_macro_tailwind_tags,1,growth_or_ipo_signal_in_text,4,67,65.0,2,0,0,0,0,0,0,rules_only_no_llm_balance,5.0,5.0,0.0,0.0,5.0,5.0,65.0,0.0,rules_only
NanoEdge Labs Ltd,Mumbai,Manufacturing / Industrial,nanoedgelabs.com,₹90–160 Cr,no_structured_differentiation_tag,,IPO filed Nov 2025,bse_sme_ipo_drhp_pipeline|make_in_india_manufacturing|capital_markets_ipo_activity,data_with_dsir_recognition.csv+final_merged_dsir_promoters.csv,,Specialty Manufacturing (Nanotechnology),no_structured_differentiation_tag|bse_sme_ipo_drhp_pipeline|make_in_india_manufacturing|capital_markets_ipo_activity|ipo_filed_nov_2025,1,manufacturer_or_industrial_segment,1,india_location_signal,0,no_differentiation_evidence,0,no_promoter_extract,1,sector_or_macro_tailwind_tags,1,growth_or_ipo_signal_in_text,4,67,65.0,4,0,0,0,0,0,0,rules_only_no_llm_balance,5.0,5.0,0.0,0.0,5.0,5.0,65.0,0.0,rules_only
NanoEdge Materials Ltd,Mumbai,Manufacturing / Industrial,nanoedge.com,₹90–160 Cr,no_structured_differentiation_tag,,IPO filed Nov 2025,bse_sme_ipo_drhp_pipeline|make_in_india_manufacturing|capital_markets_ipo_activity,data_with_dsir_recognition.csv+final_merged_dsir_promoters.csv,,Specialty Manufacturing (Nanotechnology),no_structured_differentiation_tag|bse_sme_ipo_drhp_pipeline|make_in_india_manufacturing|capital_markets_ipo_activity|ipo_filed_nov_2025,1,manufacturer_or_industrial_segment,1,india_location_signal,0,no_differentiation_evidence,0,no_promoter_extract,1,sector_or_macro_tailwind_tags,1,growth_or_ipo_signal_in_text,4,67,65.0,9,0,0,0,0,0,0,rules_only_no_llm_balance,5.0,5.0,0.0,0.0,5.0,5.0,65.0,0.0,rules_only
NanoMatrix Global Ltd,Mumbai,Manufacturing / Industrial,nanomatrixglobal.com,₹90–160 Cr,no_structured_differentiation_tag,,IPO filed Nov 2025,bse_sme_ipo_drhp_pipeline|make_in_india_manufacturing|capital_markets_ipo_activity,data_with_dsir_recognition.csv+final_merged_dsir_promoters.csv,,Specialty Manufacturing (Nanotechnology),no_structured_differentiation_tag|bse_sme_ipo_drhp_pipeline|make_in_india_manufacturing|capital_markets_ipo_activity|ipo_filed_nov_2025,1,manufacturer_or_industrial_segment,1,india_location_signal,0,no_differentiation_evidence,0,no_promoter_extract,1,sector_or_macro_tailwind_tags,1,growth_or_ipo_signal_in_text,4,67,65.0,23,0,0,0,0,0,0,rules_only_no_llm_balance,5.0,5.0,0.0,0.0,5.0,5.0,65.0,0.0,rules_only
NanoMatrix Tech Ltd,Mumbai,Manufacturing / Industrial,nanomatrixtech.com,₹90–160 Cr,no_structured_differentiation_tag,,IPO filed Nov 2025,bse_sme_ipo_drhp_pipeline|make_in_india_manufacturing|capital_markets_ipo_activity,data_with_dsir_recognition.csv+final_merged_dsir_promoters.csv,,Specialty Manufacturing (Nanotechnology),no_structured_differentiation_tag|bse_sme_ipo_drhp_pipeline|make_in_india_manufacturing|capital_markets_ipo_activity|ipo_filed_nov_2025,1,manufacturer_or_industrial_segment,1,india_location_signal,0,no_differentiation_evidence,0,no_promoter_extract,1,sector_or_macro_tailwind_tags,1,growth_or_ipo_signal_in_text,4,67,65.0,20,0,0,0,0,0,0,rules_only_no_llm_balance,5.0,5.0,0.0,0.0,5.0,5.0,65.0,0.0,rules_only
NanoSphere Advanced Ltd,Mumbai,Manufacturing / Industrial,nanosphereadv.com,₹90–160 Cr,no_structured_differentiation_tag,,IPO filed Nov 2025,bse_sme_ipo_drhp_pipeline|make_in_india_manufacturing|capital_markets_ipo_activity,data_with_dsir_recognition.csv+final_merged_dsir_promoters.csv,,Specialty Manufacturing (Nanotechnology),no_structured_differentiation_tag|bse_sme_ipo_drhp_pipeline|make_in_india_manufacturing|capital_markets_ipo_activity|ipo_filed_nov_2025,1,manufacturer_or_industrial_segment,1,india_location_signal,0,no_differentiation_evidence,0,no_promoter_extract,1,sector_or_macro_tailwind_tags,1,growth_or_ipo_signal_in_text,4,67,65.0,26,0,0,0,0,0,0,rules_only_no_llm_balance,5.0,5.0,0.0,0.0,5.0,5.0,65.0,0.0,rules_only
NanoSphere Global Ltd,Mumbai,Manufacturing / Industrial,nanosphereglobal.com,₹90–160 Cr,no_structured_differentiation_tag,,IPO filed Nov 2025,bse_sme_ipo_drhp_pipeline|make_in_india_manufacturing|capital_markets_ipo_activity,data_with_dsir_recognition.csv+final_merged_dsir_promoters.csv,,Specialty Manufacturing (Nanotechnology),no_structured_differentiation_tag|bse_sme_ipo_drhp_pipeline|make_in_india_manufacturing|capital_markets_ipo_activity|ipo_filed_nov_2025,1,manufacturer_or_industrial_segment,1,india_location_signal,0,no_differentiation_evidence,0,no_promoter_extract,1,sector_or_macro_tailwind_tags,1,growth_or_ipo_signal_in_text,4,67,65.0,20,0,0,0,0,0,0,rules_only_no_llm_balance,5.0,5.0,0.0,0.0,5.0,5.0,65.0,0.0,rules_only
NanoSphere Materials Ltd,Delhi NCR,Manufacturing / Industrial,nanospherematerials.com,₹60–100 Cr,no_structured_differentiation_tag,,IPO filed Nov 2025,bse_sme_ipo_drhp_pipeline|make_in_india_manufacturing|capital_markets_ipo_activity,data_with_dsir_recognition.csv+final_merged_dsir_promoters.csv,,Specialty Manufacturing (Nanomaterials),no_structured_differentiation_tag|bse_sme_ipo_drhp_pipeline|make_in_india_manufacturing|capital_markets_ipo_activity|ipo_filed_nov_2025,1,manufacturer_or_industrial_segment,1,india_location_signal,0,no_differentiation_evidence,0,no_promoter_extract,1,sector_or_macro_tailwind_tags,1,growth_or_ipo_signal_in_text,4,67,65.0,2,0,0,0,0,0,0,rules_only_no_llm_balance,5.0,5.0,0.0,0.0,5.0,5.0,65.0,0.0,rules_only
NanoSphere Tech Ltd,Mumbai,Manufacturing / Industrial,nanospheretech.com,₹90–160 Cr,no_structured_differentiation_tag,,IPO filed Nov 2025,bse_sme_ipo_drhp_pipeline|make_in_india_manufacturing|capital_markets_ipo_activity,data_with_dsir_recognition.csv+final_merged_dsir_promoters.csv,,Specialty Manufacturing (Nanotechnology),no_structured_differentiation_tag|bse_sme_ipo_drhp_pipeline|make_in_india_manufacturing|capital_markets_ipo_activity|ipo_filed_nov_2025,1,manufacturer_or_industrial_segment,1,india_location_signal,0,no_differentiation_evidence,0,no_promoter_extract,1,sector_or_macro_tailwind_tags,1,growth_or_ipo_signal_in_text,4,67,65.0,10,0,0,0,0,0,0,rules_only_no_llm_balance,5.0,5.0,0.0,0.0,5.0,5.0,65.0,0.0,rules_only
NanoTech Materials Ltd,Mumbai,Manufacturing / Industrial,nanotechmaterials.com,₹90–160 Cr,no_structured_differentiation_tag,,IPO filed Nov 2025,bse_sme_ipo_drhp_pipeline|make_in_india_manufacturing|capital_markets_ipo_activity,data_with_dsir_recognition.csv+final_merged_dsir_promoters.csv,,Specialty Manufacturing (Nanotechnology),no_structured_differentiation_tag|bse_sme_ipo_drhp_pipeline|make_in_india_manufacturing|capital_markets_ipo_activity|ipo_filed_nov_2025,1,manufacturer_or_industrial_segment,1,india_location_signal,0,no_differentiation_evidence,0,no_promoter_extract,1,sector_or_macro_tailwind_tags,1,growth_or_ipo_signal_in_text,4,67,65.0,5,0,0,0,0,0,0,rules_only_no_llm_balance,5.0,5.0,0.0,0.0,5.0,5.0,65.0,0.0,rules_only
Neochem Bio Solutions Ltd,Hyderabad,Manufacturing / Industrial,neochembio.com,₹80–150 Cr,no_structured_differentiation_tag,,IPO filed Nov 2025,bse_sme_ipo_drhp_pipeline|make_in_india_manufacturing|capital_markets_ipo_activity,data_with_dsir_recognition.csv+final_merged_dsir_promoters.csv,,Specialty Manufacturing (Chemicals/Biotech),no_structured_differentiation_tag|bse_sme_ipo_drhp_pipeline|make_in_india_manufacturing|capital_markets_ipo_activity|ipo_filed_nov_2025,1,manufacturer_or_industrial_segment,1,india_location_signal,0,no_differentiation_evidence,0,no_promoter_extract,1,sector_or_macro_tailwind_tags,1,growth_or_ipo_signal_in_text,4,67,65.0,4,0,0,0,0,0,0,rules_only_no_llm_balance,5.0,5.0,0.0,0.0,5.0,5.0,65.0,0.0,rules_only
NeuroCare Devices Ltd,Hyderabad,Manufacturing / Industrial,neurocaredevices.com,₹60–100 Cr,no_structured_differentiation_tag,,IPO filed Jan 2026,bse_sme_ipo_drhp_pipeline|make_in_india_manufacturing|capital_markets_ipo_activity,data_with_dsir_recognition.csv+final_merged_dsir_promoters.csv,,Specialty Manufacturing (Neuro MedTech),no_structured_differentiation_tag|bse_sme_ipo_drhp_pipeline|make_in_india_manufacturing|capital_markets_ipo_activity|ipo_filed_jan_2026,1,manufacturer_or_industrial_segment,1,india_location_signal,0,no_differentiation_evidence,0,no_promoter_extract,1,sector_or_macro_tailwind_tags,1,growth_or_ipo_signal_in_text,4,67,65.0,11,0,0,0,0,0,0,rules_only_no_llm_balance,5.0,5.0,0.0,0.0,5.0,5.0,65.0,0.0,rules_only
NeuroCare Labs Ltd,Hyderabad,Manufacturing / Industrial,neurocarelabs.com,₹60–100 Cr,no_structured_differentiation_tag,,IPO filed Jan 2026,bse_sme_ipo_drhp_pipeline|make_in_india_manufacturing|capital_markets_ipo_activity,data_with_dsir_recognition.csv+final_merged_dsir_promoters.csv,,Specialty Manufacturing (Neuro MedTech),no_structured_differentiation_tag|bse_sme_ipo_drhp_pipeline|make_in_india_manufacturing|capital_markets_ipo_activity|ipo_filed_jan_2026,1,manufacturer_or_industrial_segment,1,india_location_signal,0,no_differentiation_evidence,0,no_promoter_extract,1,sector_or_macro_tailwind_tags,1,growth_or_ipo_signal_in_text,4,67,65.0,3,0,0,0,0,0,0,rules_only_no_llm_balance,5.0,5.0,0.0,0.0,5.0,5.0,65.0,0.0,rules_only
NeuroMed Devices Ltd,Hyderabad,Manufacturing / Industrial,neuromeddevices.com,₹60–100 Cr,no_structured_differentiation_tag,,IPO filed Jan 2026,bse_sme_ipo_drhp_pipeline|make_in_india_manufacturing|capital_markets_ipo_activity,data_with_dsir_recognition.csv+final_merged_dsir_promoters.csv,,Specialty Manufacturing (Neuro MedTech),no_structured_differentiation_tag|bse_sme_ipo_drhp_pipeline|make_in_india_manufacturing|capital_markets_ipo_activity|ipo_filed_jan_2026,1,manufacturer_or_industrial_segment,1,india_location_signal,0,no_differentiation_evidence,0,no_promoter_extract,1,sector_or_macro_tailwind_tags,1,growth_or_ipo_signal_in_text,4,67,65.0,5,0,0,0,0,0,0,rules_only_no_llm_balance,5.0,5.0,0.0,0.0,5.0,5.0,65.0,0.0,rules_only
Parmeshwar Recycling Ltd,Surat,Manufacturing / Industrial,parmeshwarrecycling.com,₹40–80 Cr,no_structured_differentiation_tag,,IPO filed Sep 2025,bse_sme_ipo_drhp_pipeline|make_in_india_manufacturing|capital_markets_ipo_activity,data_with_dsir_recognition.csv+final_merged_dsir_promoters.csv,,Specialty Manufacturing (Recycling/Materials),no_structured_differentiation_tag|bse_sme_ipo_drhp_pipeline|make_in_india_manufacturing|capital_markets_ipo_activity|ipo_filed_sep_2025,1,manufacturer_or_industrial_segment,1,india_location_signal,0,no_differentiation_evidence,0,no_promoter_extract,1,sector_or_macro_tailwind_tags,1,growth_or_ipo_signal_in_text,4,67,65.0,2,0,0,0,0,0,0,rules_only_no_llm_balance,5.0,5.0,0.0,0.0,5.0,5.0,65.0,0.0,rules_only
Q Line Biotech Ltd,Hyderabad,Manufacturing / Industrial,qlinebiotech.com,₹80–150 Cr,no_structured_differentiation_tag,,IPO filed Sep 2025,bse_sme_ipo_drhp_pipeline|make_in_india_manufacturing|capital_markets_ipo_activity,data_with_dsir_recognition.csv+final_merged_dsir_promoters.csv,,Specialty Manufacturing (Biotech/Pharma),no_structured_differentiation_tag|bse_sme_ipo_drhp_pipeline|make_in_india_manufacturing|capital_markets_ipo_activity|ipo_filed_sep_2025,1,manufacturer_or_industrial_segment,1,india_location_signal,0,no_differentiation_evidence,0,no_promoter_extract,1,sector_or_macro_tailwind_tags,1,growth_or_ipo_signal_in_text,4,67,65.0,2,0,0,0,0,0,0,rules_only_no_llm_balance,5.0,5.0,0.0,0.0,5.0,5.0,65.0,0.0,rules_only
Railtech Systems Ltd,Kolkata,Manufacturing / Industrial,railtechsystems.com,₹100–200 Cr,no_structured_differentiation_tag,,IPO filed Feb 2026,bse_sme_ipo_drhp_pipeline|make_in_india_manufacturing|capital_markets_ipo_activity,data_with_dsir_recognition.csv+final_merged_dsir_promoters.csv,,Specialty Manufacturing (Railway Tech),no_structured_differentiation_tag|bse_sme_ipo_drhp_pipeline|make_in_india_manufacturing|capital_markets_ipo_activity|ipo_filed_feb_2026,1,manufacturer_or_industrial_segment,1,india_location_signal,0,no_differentiation_evidence,0,no_promoter_extract,1,sector_or_macro_tailwind_tags,1,growth_or_ipo_signal_in_text,4,67,65.0,4,0,0,0,0,0,0,rules_only_no_llm_balance,5.0,5.0,0.0,0.0,5.0,5.0,65.0,0.0,rules_only
RailWorks Engineering Ltd,Kolkata,Manufacturing / Industrial,railworksengg.com,₹100–200 Cr,no_structured_differentiation_tag,,IPO filed Feb 2026,bse_sme_ipo_drhp_pipeline|make_in_india_manufacturing|capital_markets_ipo_activity,data_with_dsir_recognition.csv+final_merged_dsir_promoters.csv,,Specialty Manufacturing (Railway Tech),no_structured_differentiation_tag|bse_sme_ipo_drhp_pipeline|make_in_india_manufacturing|capital_markets_ipo_activity|ipo_filed_feb_2026,1,manufacturer_or_industrial_segment,1,india_location_signal,0,no_differentiation_evidence,0,no_promoter_extract,1,sector_or_macro_tailwind_tags,1,growth_or_ipo_signal_in_text,4,67,65.0,2,0,0,0,0,0,0,rules_only_no_llm_balance,5.0,5.0,0.0,0.0,5.0,5.0,65.0,0.0,rules_only
RailWorks Systems Ltd,Kolkata,Manufacturing / Industrial,railworkssystems.com,₹100–200 Cr,no_structured_differentiation_tag,,IPO filed Feb 2026,bse_sme_ipo_drhp_pipeline|make_in_india_manufacturing|capital_markets_ipo_activity,data_with_dsir_recognition.csv+final_merged_dsir_promoters.csv,,Specialty Manufacturing (Railway Tech),no_structured_differentiation_tag|bse_sme_ipo_drhp_pipeline|make_in_india_manufacturing|capital_markets_ipo_activity|ipo_filed_feb_2026,1,manufacturer_or_industrial_segment,1,india_location_signal,0,no_differentiation_evidence,0,no_promoter_extract,1,sector_or_macro_tailwind_tags,1,growth_or_ipo_signal_in_text,4,67,65.0,2,0,0,0,0,0,0,rules_only_no_llm_balance,5.0,5.0,0.0,0.0,5.0,5.0,65.0,0.0,rules_only
Shanti Inorganics Ltd,Gujarat,Manufacturing / Industrial,shantiinorganics.com,₹70–120 Cr,no_structured_differentiation_tag,,IPO filed Sep 2025,bse_sme_ipo_drhp_pipeline|make_in_india_manufacturing|capital_markets_ipo_activity,data_with_dsir_recognition.csv+final_merged_dsir_promoters.csv,,Specialty Manufacturing (Chemicals),no_structured_differentiation_tag|bse_sme_ipo_drhp_pipeline|make_in_india_manufacturing|capital_markets_ipo_activity|ipo_filed_sep_2025,1,manufacturer_or_industrial_segment,1,india_location_signal,0,no_differentiation_evidence,0,no_promoter_extract,1,sector_or_macro_tailwind_tags,1,growth_or_ipo_signal_in_text,4,67,65.0,2,0,0,0,0,0,0,rules_only_no_llm_balance,5.0,5.0,0.0,0.0,5.0,5.0,65.0,0.0,rules_only
Shyam Dhani Industries Ltd,Delhi NCR,Manufacturing / Industrial,shyamdhani.com,₹60–100 Cr,no_structured_differentiation_tag,,IPO filed Dec 2025,bse_sme_ipo_drhp_pipeline|make_in_india_manufacturing|capital_markets_ipo_activity,data_with_dsir_recognition.csv+final_merged_dsir_promoters.csv,,Specialty Manufacturing (Industrial Products),no_structured_differentiation_tag|bse_sme_ipo_drhp_pipeline|make_in_india_manufacturing|capital_markets_ipo_activity|ipo_filed_dec_2025,1,manufacturer_or_industrial_segment,1,india_location_signal,0,no_differentiation_evidence,0,no_promoter_extract,1,sector_or_macro_tailwind_tags,1,growth_or_ipo_signal_in_text,4,67,65.0,4,0,0,0,0,0,0,rules_only_no_llm_balance,5.0,5.0,0.0,0.0,5.0,5.0,65.0,0.0,rules_only
Simran Agrovet Ltd,Punjab,Manufacturing / Industrial,simranagrovet.com,₹50–90 Cr,no_structured_differentiation_tag,,IPO filed Sep 2025,bse_sme_ipo_drhp_pipeline|make_in_india_manufacturing|capital_markets_ipo_activity,data_with_dsir_recognition.csv+final_merged_dsir_promoters.csv,,Specialty Manufacturing (Agro/Animal Feed),no_structured_differentiation_tag|bse_sme_ipo_drhp_pipeline|make_in_india_manufacturing|capital_markets_ipo_activity|ipo_filed_sep_2025,1,manufacturer_or_industrial_segment,1,india_location_signal,0,no_differentiation_evidence,0,no_promoter_extract,1,sector_or_macro_tailwind_tags,1,growth_or_ipo_signal_in_text,4,67,65.0,2,0,0,0,0,0,0,rules_only_no_llm_balance,5.0,5.0,0.0,0.0,5.0,5.0,65.0,0.0,rules_only
SK Minerals & Additives Limited,Company is situated.,unspecified_see_drhp,www.khambattasecurities.com; www.maashitla.com; www.skminerals.net,Extract from restated financials in DRHP (pattern not matched).,dsir_drhp_substantive_citation|iso_certification_mention,DRHP: Ms. Divya Company Secretary; Mr. Chandan Mishra Email; Mr. Mukul Agrawal Email; Mr. Neeraj Kumar Tuli. Company Secretary; Ms. Divya. Corporate Identification Number; Mr. Mohit Jindal. MOA; Mrs. Sunita Rani; Mr. Mohit Jindal; Mr. Rohit Jindal; Mr. Shubham Jindal. Promoter Group Such,capex / capital expenditure; ISO certification mentioned,bse_sme_ipo_drhp_pipeline|capacity_expansion_tailwind,drhp_companies_specified_format.csv+final_merged_dsir_promoters.csv,U24100PB2022PLC055213,See DRHP ‘Industry / Business overview’ section.,dsir_drhp_substantive_citation|iso_certification_mention|bse_sme_ipo_drhp_pipeline|capacity_expansion_tailwind|capex|capital_expenditure|iso_certification_mentioned,0,not_classified_manufacturer,0,weak_location_signal,1,dsir_substantive_drhp_citation,1,named_individuals_in_promoter_field,1,sector_or_macro_tailwind_tags,1,growth_or_ipo_signal_in_text,4,67,70.0,3,0,0,0,0,0,0,rules_only_no_llm_balance,0.0,0.0,5.0,5.0,5.0,5.0,70.0,0.0,rules_only
SolarEdge Renewables Ltd,Chennai,Manufacturing / Industrial,solaredgerenewables.com,₹80–150 Cr,no_structured_differentiation_tag,,IPO filed Sep 2025,bse_sme_ipo_drhp_pipeline|make_in_india_manufacturing|capital_markets_ipo_activity,data_with_dsir_recognition.csv+final_merged_dsir_promoters.csv,,Specialty Manufacturing (Renewable Energy),no_structured_differentiation_tag|bse_sme_ipo_drhp_pipeline|make_in_india_manufacturing|capital_markets_ipo_activity|ipo_filed_sep_2025,1,manufacturer_or_industrial_segment,1,india_location_signal,0,no_differentiation_evidence,0,no_promoter_extract,1,sector_or_macro_tailwind_tags,1,growth_or_ipo_signal_in_text,4,67,65.0,2,0,0,0,0,0,0,rules_only_no_llm_balance,5.0,5.0,0.0,0.0,5.0,5.0,65.0,0.0,rules_only
Sri Priyanka Geo Commex Ltd,Hyderabad,Manufacturing / Industrial,sripriyankageo.com,₹30–60 Cr,no_structured_differentiation_tag,,IPO filed Aug 2025,bse_sme_ipo_drhp_pipeline|make_in_india_manufacturing|capital_markets_ipo_activity,data_with_dsir_recognition.csv+final_merged_dsir_promoters.csv,,Specialty Manufacturing (Trading/Commodities),no_structured_differentiation_tag|bse_sme_ipo_drhp_pipeline|make_in_india_manufacturing|capital_markets_ipo_activity|ipo_filed_aug_2025,1,manufacturer_or_industrial_segment,1,india_location_signal,0,no_differentiation_evidence,0,no_promoter_extract,1,sector_or_macro_tailwind_tags,1,growth_or_ipo_signal_in_text,4,67,65.0,4,0,0,0,0,0,0,rules_only_no_llm_balance,5.0,5.0,0.0,0.0,5.0,5.0,65.0,0.0,rules_only
Srinibas Pradhan Constructions Ltd,Odisha,Manufacturing / Industrial,spconstructions.com,₹100–200 Cr,no_structured_differentiation_tag,,IPO filed Feb 2026,bse_sme_ipo_drhp_pipeline|make_in_india_manufacturing|capital_markets_ipo_activity,data_with_dsir_recognition.csv+final_merged_dsir_promoters.csv,,Specialty Manufacturing (Construction/Infra),no_structured_differentiation_tag|bse_sme_ipo_drhp_pipeline|make_in_india_manufacturing|capital_markets_ipo_activity|ipo_filed_feb_2026,1,manufacturer_or_industrial_segment,1,india_location_signal,0,no_differentiation_evidence,0,no_promoter_extract,1,sector_or_macro_tailwind_tags,1,growth_or_ipo_signal_in_text,4,67,65.0,4,0,0,0,0,0,0,rules_only_no_llm_balance,5.0,5.0,0.0,0.0,5.0,5.0,65.0,0.0,rules_only
SSG Furnishing Solutions Ltd,Mumbai,Manufacturing / Industrial,ssgfurnishings.com,₹40–80 Cr,no_structured_differentiation_tag,,IPO filed Sep 2025,bse_sme_ipo_drhp_pipeline|make_in_india_manufacturing|capital_markets_ipo_activity,data_with_dsir_recognition.csv+final_merged_dsir_promoters.csv,,Specialty Manufacturing (Furniture),no_structured_differentiation_tag|bse_sme_ipo_drhp_pipeline|make_in_india_manufacturing|capital_markets_ipo_activity|ipo_filed_sep_2025,1,manufacturer_or_industrial_segment,1,india_location_signal,0,no_differentiation_evidence,0,no_promoter_extract,1,sector_or_macro_tailwind_tags,1,growth_or_ipo_signal_in_text,4,67,65.0,4,0,0,0,0,0,0,rules_only_no_llm_balance,5.0,5.0,0.0,0.0,5.0,5.0,65.0,0.0,rules_only
Streebo Solutions Ltd,Ahmedabad,Manufacturing / Industrial,streebo.com,₹50–90 Cr,no_structured_differentiation_tag,,IPO filed Sep 2025,bse_sme_ipo_drhp_pipeline|make_in_india_manufacturing|capital_markets_ipo_activity,data_with_dsir_recognition.csv+final_merged_dsir_promoters.csv,,Specialty Manufacturing (IT/Software Development),no_structured_differentiation_tag|bse_sme_ipo_drhp_pipeline|make_in_india_manufacturing|capital_markets_ipo_activity|ipo_filed_sep_2025,1,manufacturer_or_industrial_segment,1,india_location_signal,0,no_differentiation_evidence,0,no_promoter_extract,1,sector_or_macro_tailwind_tags,1,growth_or_ipo_signal_in_text,4,67,65.0,4,0,0,0,0,0,0,rules_only_no_llm_balance,5.0,5.0,0.0,0.0,5.0,5.0,65.0,0.0,rules_only
Striders Impex Ltd,Mumbai,Manufacturing / Industrial,stridersimpex.com,₹50–100 Cr,no_structured_differentiation_tag,,IPO filed Feb 2026,bse_sme_ipo_drhp_pipeline|make_in_india_manufacturing|capital_markets_ipo_activity,data_with_dsir_recognition.csv+final_merged_dsir_promoters.csv,,Specialty Manufacturing (Advanced Materials),no_structured_differentiation_tag|bse_sme_ipo_drhp_pipeline|make_in_india_manufacturing|capital_markets_ipo_activity|ipo_filed_feb_2026,1,manufacturer_or_industrial_segment,1,india_location_signal,0,no_differentiation_evidence,0,no_promoter_extract,1,sector_or_macro_tailwind_tags,1,growth_or_ipo_signal_in_text,4,67,65.0,2,0,0,0,0,0,0,rules_only_no_llm_balance,5.0,5.0,0.0,0.0,5.0,5.0,65.0,0.0,rules_only
Sunkind India Ltd,Pune,Manufacturing / Industrial,sunkindindia.com,₹40–70 Cr,no_structured_differentiation_tag,,IPO filed Sep 2025,bse_sme_ipo_drhp_pipeline|make_in_india_manufacturing|capital_markets_ipo_activity,data_with_dsir_recognition.csv+final_merged_dsir_promoters.csv,,Specialty Manufacturing (Food Products),no_structured_differentiation_tag|bse_sme_ipo_drhp_pipeline|make_in_india_manufacturing|capital_markets_ipo_activity|ipo_filed_sep_2025,1,manufacturer_or_industrial_segment,1,india_location_signal,0,no_differentiation_evidence,0,no_promoter_extract,1,sector_or_macro_tailwind_tags,1,growth_or_ipo_signal_in_text,4,67,65.0,2,0,0,0,0,0,0,rules_only_no_llm_balance,5.0,5.0,0.0,0.0,5.0,5.0,65.0,0.0,rules_only
Teja Engineering Industries Ltd,Hyderabad,Manufacturing / Industrial,tejaengg.com,₹70–120 Cr,no_structured_differentiation_tag,,IPO filed Sep 2025,bse_sme_ipo_drhp_pipeline|make_in_india_manufacturing|capital_markets_ipo_activity,data_with_dsir_recognition.csv+final_merged_dsir_promoters.csv,,Specialty Manufacturing (Industrial Equipment),no_structured_differentiation_tag|bse_sme_ipo_drhp_pipeline|make_in_india_manufacturing|capital_markets_ipo_activity|ipo_filed_sep_2025,1,manufacturer_or_industrial_segment,1,india_location_signal,0,no_differentiation_evidence,0,no_promoter_extract,1,sector_or_macro_tailwind_tags,1,growth_or_ipo_signal_in_text,4,67,65.0,2,0,0,0,0,0,0,rules_only_no_llm_balance,5.0,5.0,0.0,0.0,5.0,5.0,65.0,0.0,rules_only
Utkal Speciality Industries India Ltd,Odisha,Manufacturing / Industrial,utkalspeciality.com,₹50–90 Cr,no_structured_differentiation_tag,,IPO filed Sep 2025,bse_sme_ipo_drhp_pipeline|make_in_india_manufacturing|capital_markets_ipo_activity,data_with_dsir_recognition.csv+final_merged_dsir_promoters.csv,,Specialty Manufacturing (Chemicals),no_structured_differentiation_tag|bse_sme_ipo_drhp_pipeline|make_in_india_manufacturing|capital_markets_ipo_activity|ipo_filed_sep_2025,1,manufacturer_or_industrial_segment,1,india_location_signal,0,no_differentiation_evidence,0,no_promoter_extract,1,sector_or_macro_tailwind_tags,1,growth_or_ipo_signal_in_text,4,67,65.0,3,0,0,0,0,0,0,rules_only_no_llm_balance,5.0,5.0,0.0,0.0,5.0,5.0,65.0,0.0,rules_only
Value 360 Communications Ltd,Delhi NCR,Manufacturing / Industrial,value360communications.com,₹100–200 Cr,no_structured_differentiation_tag,,IPO filed Apr 2026,bse_sme_ipo_drhp_pipeline|make_in_india_manufacturing|capital_markets_ipo_activity,data_with_dsir_recognition.csv+final_merged_dsir_promoters.csv,,Specialty Manufacturing (Media/PR Services),no_structured_differentiation_tag|bse_sme_ipo_drhp_pipeline|make_in_india_manufacturing|capital_markets_ipo_activity|ipo_filed_apr_2026,1,manufacturer_or_industrial_segment,1,india_location_signal,0,no_differentiation_evidence,0,no_promoter_extract,1,sector_or_macro_tailwind_tags,1,growth_or_ipo_signal_in_text,4,67,65.0,3,0,0,0,0,0,0,rules_only_no_llm_balance,5.0,5.0,0.0,0.0,5.0,5.0,65.0,0.0,rules_only
Vivid Electromech Ltd,Bengaluru,Manufacturing / Industrial,vividelectromech.com,₹80–150 Cr,no_structured_differentiation_tag,,IPO filed Mar 2026,bse_sme_ipo_drhp_pipeline|make_in_india_manufacturing|capital_markets_ipo_activity,data_with_dsir_recognition.csv+final_merged_dsir_promoters.csv,,Specialty Manufacturing (Electrical Equipment),no_structured_differentiation_tag|bse_sme_ipo_drhp_pipeline|make_in_india_manufacturing|capital_markets_ipo_activity|ipo_filed_mar_2026,1,manufacturer_or_industrial_segment,1,india_location_signal,0,no_differentiation_evidence,0,no_promoter_extract,1,sector_or_macro_tailwind_tags,1,growth_or_ipo_signal_in_text,4,67,65.0,2,0,0,0,0,0,0,rules_only_no_llm_balance,5.0,5.0,0.0,0.0,5.0,5.0,65.0,0.0,rules_only
Yaap Digital Ltd,Mumbai,Manufacturing / Industrial,yaapdigital.com,₹50–90 Cr,no_structured_differentiation_tag,,IPO filed Feb 2026,bse_sme_ipo_drhp_pipeline|make_in_india_manufacturing|capital_markets_ipo_activity,data_with_dsir_recognition.csv+final_merged_dsir_promoters.csv,,Specialty Manufacturing (Digital Marketing/IT Services),no_structured_differentiation_tag|bse_sme_ipo_drhp_pipeline|make_in_india_manufacturing|capital_markets_ipo_activity|ipo_filed_feb_2026,1,manufacturer_or_industrial_segment,1,india_location_signal,0,no_differentiation_evidence,0,no_promoter_extract,1,sector_or_macro_tailwind_tags,1,growth_or_ipo_signal_in_text,4,67,65.0,4,0,0,0,0,0,0,rules_only_no_llm_balance,5.0,5.0,0.0,0.0,5.0,5.0,65.0,0.0,rules_only
